时间(s),电流(mA)
1.0522,158.295
1.0779,157.119
1.1036,159.043
1.1292,156.887
1.1549,158.876
1.1806,156.943
1.2063,159.051
1.2319,157.632
1.2576,158.313
1.2832,156.923
1.3089,159.338
1.3346,157.694
1.3602,158.8
1.3859,157.916
1.4116,158.663
1.4372,157.736
1.4629,158.862
1.4886,157.662
1.5143,159.203
1.5399,157.753
1.5656,158.613
1.5913,157.926
1.6169,157.958
1.6426,158.326
1.6682,158.17
1.6939,157.785
1.7196,157.753
1.7452,158.583
1.7709,157.493
1.7965,157.81
1.8222,157.813
1.8479,159.107
1.8735,157.563
1.8992,158.94
1.9248,157.573
1.9505,158.74
1.9762,157.831
2.0018,158.821
2.0275,157.298
2.0531,156.9824
2.0788,157.459
2.1044,158.336
2.1301,156.387
2.1558,158.014
2.1814,156.599
2.2071,157.962
2.2327,157.12
2.2584,157.921
2.284,156.673
2.3097,158.769
2.3354,156.688
2.361,158.324
2.3867,157.022
2.4124,158.398
2.438,157.566
2.4637,157.928
2.4893,157.407
2.515,158.104
2.5407,157.226
2.5663,158.448
2.592,157.533
2.6176,158.166
2.6433,157.818
2.669,157.372
2.6946,158.489
2.7203,157.567
2.7459,158.233
2.7716,157.426
2.7973,158.029
2.8229,157.939
2.8486,158.23
2.8743,157.447
2.8999,159.301
2.9256,157.297
2.9512,159.096
2.9769,157.046
3.0026,158.665
3.0282,157.354
3.0539,158.445
3.0796,157.491
3.1052,158.91
3.1309,157.174
3.1565,159.225
3.1822,157.078
3.2079,159.161
3.2335,157.419
3.2592,158.577
3.2849,157.707
3.3105,158.344
3.3362,157.662
3.3619,158.875
3.3875,157.362
3.4132,158.8
3.4389,157.743
3.4646,158.444
3.4902,157.901
3.5159,158.271
3.5416,158.36
3.5672,157.998
3.5929,157.585
3.6185,157.677
3.6442,158.578
3.6699,157.638
3.6956,158.329
3.7212,158.295
3.7469,159.003
3.7726,157.577
3.7982,159.058
3.8239,157.815
3.8496,158.827
3.8752,157.912
3.9009,158.833
3.9266,157.587
3.9522,159.28
3.9779,157.029
4.0036,159.285
4.0292,157.341
4.0549,159.143
4.0806,157.524
4.1062,158.646
4.1319,157.521
4.1576,158.943
4.1832,157.519
4.2089,159.293
4.2345,157.291
4.2602,159.013
4.2859,157.643
4.3115,158.897
4.3372,158.495
4.3628,158.256
4.3885,157.881
4.4142,158.863
4.4398,158.239
4.4655,158.915
4.4912,158.437
4.5168,156.966
4.5425,157.7298
4.5682,157.388
4.5938,158.541
4.6195,157.317
4.6452,157.621
4.6708,157.194
4.6965,157.674
4.7222,157.598
4.7478,157.956
4.7735,156.952
4.7992,158.731
4.8248,156.92
4.8505,158.84
4.8762,156.895
4.9018,158.518
4.9275,157.383
4.9531,158.116
4.9788,157.047
5.0045,158.56
5.0301,156.89
5.0558,158.953
5.0814,156.905
5.1071,159.109
5.1328,157.231
5.1585,158.276
5.1841,157.526
5.2098,158.326
5.2354,157.092
5.2611,158.309
5.2867,157.726
5.3124,158.176
5.3381,157.722
5.3637,158.085
5.3894,157.317
5.415,157.803
5.4407,158.185
5.4664,157.978
5.492,158.233
5.5177,158.342
5.5433,158.009
5.569,157.377
5.5947,158.536
5.6203,157.983
5.646,158.267
5.6716,157.878
5.6973,158.607
5.723,157.131
5.7486,158.879
5.7743,157.096
5.7999,159.156
5.8256,157.098
5.8512,158.795
5.8769,157.867
5.9026,158.819
5.9282,157.491
5.9539,158.851
5.9796,157.223
6.0052,158.0042
6.0309,157.377
6.0565,159.031
6.0822,157.539
6.1078,158.526
6.1335,157.755
6.1592,158.724
6.1848,157.885
6.2105,158.784
6.2361,157.625
6.2618,158.939
6.2875,157.946
6.3131,158.257
6.3388,158.048
6.3645,158.006
6.3901,158.428
6.4158,158.143
6.4415,158.299
6.4671,158.395
6.4928,158.626
6.5185,158.159
6.5441,158.401
6.5698,157.658
6.5955,158.953
6.6211,157.363
6.6468,159.14
6.6725,157.608
6.6981,158.803
6.7238,157.453
6.7494,158.659
6.7751,157.633
6.8008,158.0396
6.8264,157.353
6.8521,159.321
6.8778,157.232
6.9034,159.42
6.9291,157.958
6.9547,158.992
6.9804,157.751
7.0061,158.505
7.0317,157.6268
7.0574,156.198
7.0831,157.196
7.1087,158.484
7.1344,156.868
7.16,157.178
7.1857,156.514
7.2114,158.358
7.237,157.006
7.2627,157.599
7.2884,157.531
7.314,157.544
7.3397,158.101
7.3653,157.655
7.391,157.61
7.4167,157.78
7.4423,157.687
7.468,157.893
7.4936,158.371
7.5193,157.341
7.5449,158.747
7.5706,157.174
7.5962,158.778
7.6219,157.384
7.6476,158.131
7.6732,157.185
7.6989,158.923
7.7245,157.254
7.7502,158.639
7.7758,156.991
7.8015,159.153
7.8272,156.979
7.8528,158.918
7.8785,157.311
7.9041,158.583
7.9298,157.735
7.9555,158.644
7.9811,157.414
8.0068,159.142
8.0324,157.031
8.0581,158.636
8.0838,157.234
8.1094,158.582
8.1351,158.024
8.1607,158.123
8.1864,157.731
8.2121,158.368
8.2377,157.285
8.2634,158.355
8.289,157.398
8.3147,158.161
8.3404,157.849
8.366,157.501
8.3917,158.261
8.4173,157.602
8.443,158.099
8.4687,157.748
8.4943,158.166
8.52,157.815
8.5456,158.135
8.5713,156.891
8.597,158.637
8.6226,156.967
8.6482,158.805
8.6739,156.922
8.6996,158.783
8.7252,157.464
8.7509,158.537
8.7765,157.29
8.8022,159.042
8.8278,157.178
8.8535,159.162
8.8791,156.837
8.9048,158.629
8.9304,157.063
8.9561,158.883
8.9818,156.785
9.0074,159.075
9.0331,157.36
9.0587,158.106
9.0844,156.99
9.1101,158.658
9.1357,157.226
9.1614,157.916
9.1871,157.413
9.2127,158.482
9.2384,157.627
9.264,158.098
9.2897,158.068
9.3154,158.076
9.341,158.778
9.3667,157.587
9.3924,157.965
9.418,157.758
9.4437,159.176
9.4693,157.403
9.495,156.5554
9.5207,157.4396
9.5463,157.5178
9.572,158.202
9.5976,158.473
9.6233,157.058
9.649,158.386
9.6746,156.206
9.7003,159.091
9.7259,156.852
9.7516,158.641
9.7772,157.055
9.8029,158.262
9.8286,156.379
9.8542,158.674
9.8799,156.791
9.9056,158.354
9.9312,157.146
9.9569,158.251
9.9825,156.951
10.0082,158.437
10.0339,156.845
10.0595,158.674
10.0852,157.257
10.1109,158.199
10.1365,157.674
10.1622,157.513
10.1879,157.638
10.2135,157.845
10.2392,157.71
10.2648,157.905
10.2905,157.771
10.3162,159.079
10.3418,159.342
10.3675,157.522
10.3932,158.513
10.4188,156.977
10.4445,158.291
10.4702,157.173
10.4958,158.347
10.5215,157.438
10.5471,158.262
10.5728,156.298
10.5985,158.852
10.6241,156.74
10.6498,158.708
10.6755,156.645
10.7011,158.757
10.7268,157.198
10.7524,158.12
10.7781,156.991
10.8037,158.472
10.8294,156.721
10.8551,158.632
10.8807,156.659
10.9064,157.996
10.9321,157.294
10.9577,158.538
10.9834,156.882
11.009,158.619
11.0347,157.319
11.0604,157.906
11.086,157.379
11.1117,157.992
11.1374,158.266
11.163,157.717
11.1887,158.16
11.2143,158.503
11.24,158.103
11.2657,157.708
11.2913,158.346
11.317,157.172
11.3426,158.456
11.3683,157.816
11.394,159.019
11.4196,157.517
11.4453,159.176
11.471,156.829
11.4966,158.758
11.5223,157.166
11.5479,158.736
11.5736,157.089
11.5993,157.8252
11.6249,157.167
11.6506,158.642
11.6762,157.492
11.7019,159.433
11.7276,157.237
11.7532,159.172
11.7789,157.559
11.8045,158.841
11.8302,158.043
11.8559,158.437
11.8815,157.91
11.9072,159.334
11.9329,157.775
11.9585,158.838
11.9842,157.902
12.0098,157.07
12.0355,157.54659999999998
12.0611,157.227
12.0868,158.005
12.1125,157.529
12.1381,157.208
12.1638,157.196
12.1894,158.41
12.2151,157.302
12.2407,157.868
12.2664,157.217
12.292,158.909
12.3177,157.274
12.3433,158.835
12.369,157.264
12.3947,158.65
12.4203,157.855
12.446,158.781
12.4716,157.745
12.4973,158.0334
12.5229,157.293
12.5486,159.247
12.5743,157.101
12.5999,158.476
12.6256,157.235
12.6512,159.324
12.6769,157.266
12.7026,159.088
12.7282,157.76
12.7539,158.976
12.7795,158.118
12.8052,158.783
12.8309,157.737
12.8565,158.506
12.8822,157.695
12.9078,159.106
12.9335,158.067
12.9592,158.454
12.9848,158.658
13.0105,158.122
13.0361,158.945
13.0618,157.85
13.0875,158.522
13.1131,158.197
13.1388,158.222
13.1645,158.409
13.1901,159.269
13.2158,157.764
13.2415,159.427
13.2671,157.552
13.2928,159.219
13.3184,157.479
13.3441,158.661
13.3698,157.0
13.3954,158.008
13.4211,157.61
13.4467,158.986
13.4724,157.783
13.4981,159.337
13.5238,157.962
13.5494,159.347
13.5751,157.489
13.6007,159.184
13.6264,157.224
13.652,159.213
13.6777,157.795
13.7034,158.805
13.729,158.357
13.7547,158.579
13.7803,157.383
13.806,158.704
13.8317,158.299
13.8573,158.397
13.883,158.24
13.9086,158.679
13.9343,157.961
13.96,159.08
13.9856,158.311
14.0113,158.378
14.037,158.147
14.0626,157.158
14.0883,158.682
14.1139,157.905
14.1396,158.18
14.1653,157.296
14.1909,158.745
14.2166,157.255
14.2422,158.46
14.2679,157.387
14.2936,158.643
14.3192,157.733
14.3449,158.786
14.3706,156.742
14.3962,158.862
14.4219,157.61
14.4476,158.75
14.4732,157.798
14.4989,156.2958
14.5246,157.6212
14.5502,155.937
14.5759,156.945
14.6015,158.432
14.6272,157.094
14.6529,158.066
14.6785,157.162
14.7042,157.999
14.7298,156.814
14.7555,158.139
14.7812,157.582
14.8068,157.842
14.8325,157.629
14.8582,158.038
14.8838,157.695
14.9095,158.571
14.9351,157.922
14.9608,157.959
14.9865,158.339
15.0121,157.592
15.0378,158.662
15.0634,157.333
15.0891,158.358
15.1148,157.85
15.1404,158.425
15.1661,157.3
15.1917,158.503
15.2174,157.407
15.2431,158.971
15.2687,156.592
15.2944,159.105
15.32,157.069
15.3457,158.416
15.3714,156.859
15.397,158.654
15.4227,157.577
15.4483,158.636
15.474,156.898
15.4996,158.644
15.5253,157.448
15.551,158.3
15.5766,157.311
15.6023,158.88
15.6279,157.393
15.6536,158.458
15.6793,157.369
15.7049,158.054
15.7306,157.948
15.7562,158.001
15.7819,158.13
15.8076,158.078
15.8332,157.834
15.8589,158.367
15.8845,157.946
15.9102,157.81
15.9359,158.4
15.9615,157.267
15.9872,158.022
16.0128,158.066
16.0385,158.783
16.0642,157.59
16.0898,159.37
16.1155,157.161
16.1411,159.2
16.1668,157.297
16.1924,158.415
16.2181,156.981
16.2438,157.90839999999997
16.2694,157.368
16.2951,158.894
16.3207,157.884
16.3464,159.017
16.372,157.685
16.3977,159.025
16.4234,157.1
16.449,159.357
16.4747,157.501
16.5003,158.451
16.526,157.454
16.5516,158.813
16.5773,157.303
16.6029,158.705
16.6286,157.619
16.6542,158.316
16.6799,157.982
16.7056,158.204
16.7312,158.384
16.7569,158.527
16.7825,158.273
16.8082,158.61
16.8338,158.239
16.8595,157.393
16.8851,158.043
16.9108,157.443
16.9364,158.884
16.9621,157.579
16.9877,158.658
17.0134,156.9546
17.0391,157.0604
17.0647,157.754
17.0904,157.725
17.116,156.373
17.1417,158.124
17.1674,156.263
17.193,158.767
17.2187,156.708
17.2443,157.562
17.27,156.076
17.2957,158.155
17.3213,156.922
17.347,158.047
17.3727,156.388
17.3983,158.619
17.424,156.802
17.4496,158.585
17.4753,157.025
17.5009,158.168
17.5266,157.557
17.5523,157.778
17.5779,157.337
17.6036,158.19
17.6292,157.005
17.6549,157.421
17.6805,157.743
17.7062,158.017
17.7319,157.789
17.7575,158.058
17.7832,157.869
17.8088,157.952
17.8345,158.503
17.8602,157.037
17.8858,158.566
17.9115,157.371
17.9372,158.583
17.9628,157.53
17.9885,158.633
18.0141,157.599
18.0398,158.4
18.0655,156.979
18.0911,159.077
18.1168,156.925
18.1425,159.304
18.1681,157.143
18.1938,158.733
18.2195,157.416
18.2451,158.769
18.2708,157.394
18.2964,158.761
18.3221,157.11
18.3478,158.578
18.3734,157.772
18.3991,158.779
18.4247,157.61
18.4504,158.49
18.4761,157.425
18.5017,159.291
18.5274,157.808
18.5531,157.886
18.5787,157.81
18.6044,158.722
18.63,158.108
18.6557,157.957
18.6814,158.209
18.707,157.639
18.7327,158.405
18.7583,157.792
18.784,158.257
18.8097,157.996
18.8353,158.263
18.861,157.087
18.8867,158.907
18.9123,157.946
18.938,158.706
18.9636,157.499
18.9893,158.945
19.015,157.361
19.0406,159.017
19.0663,157.213
19.0919,158.038
19.1176,157.19
19.1433,158.914
19.1689,157.856
19.1946,158.78
19.2203,157.659
19.2459,158.816
19.2716,156.802
19.2973,158.658
19.3229,158.15
19.3486,158.724
19.3743,157.923
19.3999,159.188
19.4256,157.671
19.4513,158.897
19.4769,158.187
19.5026,157.004
19.5282,157.506
19.5539,157.171
19.5796,157.659
19.6053,157.509
19.6309,156.799
19.6566,156.912
19.6822,157.916
19.7079,157.275
19.7336,157.636
19.7592,157.495
19.7849,157.659
19.8105,157.336
19.8362,157.936
19.8619,156.554
19.8875,158.522
19.9132,156.935
19.9389,158.745
19.9645,156.857
19.9902,158.15
20.0158,157.723
20.0415,158.792
20.0672,157.076
20.0928,158.949
20.1185,156.834
20.1441,158.855
20.1698,156.837
20.1955,158.632
20.2211,157.113
20.2468,158.194
20.2724,157.614
20.2981,158.653
20.3238,157.049
20.3494,158.738
20.3751,157.1
20.4007,158.543
20.4264,157.952
20.4521,158.052
20.4777,158.18
20.5034,158.138
20.5291,158.216
20.5547,158.06
20.5804,157.921
20.606,157.449
20.6317,157.945
20.6574,157.528
20.683,158.325
20.7087,157.492
20.7344,158.877
20.76,157.438
20.7857,158.888
20.8114,157.955
20.837,158.631
20.8627,157.405
20.8884,159.096
20.914,157.521
20.9397,159.329
20.9653,156.934
20.991,158.647
21.0167,157.224
21.0423,159.202
21.068,157.301
21.0937,159.284
21.1193,157.33
21.145,158.865
21.1707,157.587
21.1963,158.428
21.222,157.215
21.2477,158.905
21.2733,157.855
21.299,158.494
21.3247,157.839
21.3503,158.193
21.376,158.152
21.4017,158.978
21.4273,158.129
21.453,158.758
21.4787,158.341
21.5043,158.495
21.53,158.995
21.5557,157.309
21.5813,158.434
21.607,158.022
21.6327,158.333
21.6583,157.351
21.684,158.926
21.7096,157.453
21.7353,158.999
21.761,157.687
21.7866,158.925
21.8123,158.128
21.8379,159.076
21.8636,157.182
21.8892,157.9754
21.9149,157.269
21.9406,159.413
21.9662,156.937
21.9919,158.538
22.0176,157.21120000000002
22.0432,156.5638
22.0689,157.474
22.0945,157.955
22.1202,156.121
22.1459,157.66
22.1715,157.226
22.1972,158.069
22.2228,156.911
22.2485,158.202
22.2742,156.658
22.2998,158.248
22.3255,157.307
22.3512,157.606
22.3768,157.981
22.4025,157.727
22.4282,157.82
22.4538,157.69
22.4795,157.555
22.5051,157.088
22.5308,158.095
22.5565,157.47
22.5821,158.008
22.6078,157.879
22.6335,158.357
22.6591,157.647
22.6848,158.759
22.7104,157.221
22.7361,158.881
22.7618,156.933
22.7874,159.154
22.8131,157.386
22.8388,158.491
22.8644,157.313
22.8901,158.683
22.9157,157.158
22.9414,158.995
22.9671,157.001
22.9927,159.41
23.0184,157.103
23.044,158.752
23.0697,157.411
23.0954,158.568
23.1211,158.124
23.1467,158.819
23.1724,157.761
23.1981,158.79
23.2237,157.474
23.2494,158.683
23.2751,157.741
23.3007,158.277
23.3264,158.302
23.352,157.736
23.3777,158.396
23.4034,158.389
23.429,158.493
23.4547,158.459
23.4804,158.543
23.506,158.232
23.5317,159.013
23.5574,157.572
23.583,158.042
23.6087,157.363
23.6344,158.673
23.66,157.589
23.6857,158.49
23.7113,157.041
23.737,159.167
23.7627,157.538
23.7883,158.658
23.814,157.678
23.8397,158.758
23.8653,157.69
23.891,158.079
23.9167,157.668
23.9423,159.187
23.968,157.092
23.9937,159.2
24.0193,157.829
24.045,158.607
24.0706,157.794
24.0963,158.577
24.122,158.1
24.1476,158.993
24.1733,157.74
24.199,159.302
24.2246,158.243
24.2503,158.424
24.276,158.522
24.3016,157.963
24.3273,158.477
24.353,158.224
24.3786,158.548
24.4043,157.804
24.43,159.269
24.4556,157.789
24.4813,158.931
24.5069,157.04940000000002
24.5326,157.4144
24.5583,157.795
24.5839,157.951
24.6096,156.864
24.6353,158.856
24.6609,156.487
24.6866,158.28
24.7123,156.992
24.7379,158.271
24.7636,156.93
24.7893,158.024
24.8149,156.84
24.8406,158.819
24.8663,156.778
24.8919,158.873
24.9176,157.101
24.9433,158.745
24.9689,157.473
24.9946,157.879
25.0202,157.569
25.0459,158.489
25.0716,157.075
25.0972,158.191
25.1229,158.077
25.1486,157.95
25.1742,157.703
25.1999,158.569
25.2256,157.69
25.2513,158.135
25.2769,157.531
25.3026,157.661
25.3283,158.562
25.3539,157.614
25.3796,158.725
25.4053,157.715
25.4309,158.591
25.4566,157.93
25.4823,158.189
25.5079,157.694
25.5336,158.509
25.5593,156.497
25.5849,158.381
25.6106,157.761
25.6363,159.192
25.6619,157.056
25.6876,158.888
25.7133,156.955
25.7389,158.0546
25.7646,157.254
25.7903,159.02
25.8159,158.156
25.8416,158.803
25.8673,157.613
25.8929,158.759
25.9186,157.039
25.9443,158.79
25.9699,157.963
25.9956,158.335
26.0213,157.626
26.0469,158.841
26.0726,157.571
26.0983,158.861
26.1239,157.974
26.1496,158.485
26.1753,158.689
26.2009,158.179
26.2266,158.41
26.2523,158.285
26.2779,158.128
26.3036,157.94
26.3293,159.339
26.3549,157.526
26.3806,158.726
26.4063,158.6
26.4319,158.986
26.4576,158.052
26.4832,158.989
26.5089,157.734
26.5346,158.2602
26.5603,157.353
26.5859,158.3334
26.6116,157.751
26.6372,158.96
26.6629,157.739
26.6886,158.784
26.7142,158.017
26.7399,159.297
26.7656,157.103
26.7912,159.275
26.8169,157.54
26.8426,158.887
26.8682,157.716
26.8939,158.748
26.9196,157.948
26.9452,158.666
26.9709,157.428
26.9965,157.701
27.0222,157.52159999999998
27.0479,157.575
27.0735,157.423
27.0992,157.481
27.1249,157.839
27.1505,157.295
27.1762,157.011
27.2018,157.525
27.2275,158.032
27.2532,156.991
27.2788,158.391
27.3045,157.692
27.3301,158.134
27.3558,157.415
27.3815,157.793
27.4071,156.768
27.4328,158.673
27.4585,157.328
27.4841,158.478
27.5098,157.682
27.5355,158.441
27.5611,156.687
27.5868,158.718
27.6124,156.565
27.6381,158.803
27.6638,157.053
27.6894,158.818
27.7151,157.772
27.7407,158.517
27.7664,157.575
27.7921,158.686
27.8177,157.461
27.8434,159.184
27.8691,157.32
27.8947,158.793
27.9204,157.715
27.9461,158.021
27.9717,157.965
27.9974,158.314
28.0231,158.159
28.0487,158.597
28.0744,157.787
28.1,157.571
28.1257,158.575
28.1514,158.066
28.177,158.312
28.2027,158.464
28.2283,158.709
28.254,157.825
28.2797,158.768
28.3053,157.433
28.331,159.342
28.3567,157.275
28.3823,158.934
28.408,157.605
28.4337,158.912
28.4593,157.76
28.485,159.197
28.5106,157.548
28.5363,158.0978
28.562,157.148
28.5876,159.164
28.6133,157.432
28.6389,158.678
28.6646,157.664
28.6903,158.388
28.7159,157.277
28.7416,158.753
28.7673,157.756
28.7929,158.48
28.8186,158.039
28.8442,158.397
28.8699,157.88
28.8956,158.724
28.9212,157.664
28.9469,158.634
28.9726,158.235
28.9982,158.127
29.0239,158.633
29.0496,157.932
29.0752,158.336
29.1009,157.788
29.1265,158.383
29.1522,157.944
29.1779,158.127
29.2035,157.945
29.2292,159.121
29.2549,157.298
29.2805,159.428
29.3062,158.243
29.3318,158.2638
29.3575,157.598
29.3832,158.464
29.4088,157.586
29.4345,158.87
29.4602,156.965
29.4859,156.25740000000002
29.5115,157.4048
29.5372,156.7446
29.5629,157.418
29.5885,158.005
29.6142,156.976
29.6398,158.128
29.6655,157.057
29.6912,158.585
29.7168,157.072
29.7425,158.437
29.7681,156.689
29.7938,158.572
29.8195,157.355
29.8451,157.844
29.8708,157.669
29.8964,158.1
29.9221,157.713
29.9478,158.205
29.9734,157.362
29.9991,157.367
30.0248,158.39
30.0504,157.914
30.0761,157.758
30.1018,157.459
30.1274,159.094
30.1531,157.296
30.1788,158.296
30.2044,157.733
30.2301,158.384
30.2558,157.445
30.2814,158.843
30.3071,157.205
30.3327,158.0516
30.3584,157.594
30.3841,159.085
30.4097,157.531
30.4354,158.895
30.4611,157.426
30.4867,158.908
30.5124,157.971
30.538,159.164
30.5637,157.095
30.5894,158.776
30.615,157.101
30.6407,158.813
30.6663,157.759
30.692,158.188
30.7177,157.968
30.7433,158.664
30.769,157.586
30.7947,158.651
30.8203,157.493
30.846,158.471
30.8716,157.429
30.8973,157.656
30.923,158.203
30.9486,157.666
30.9743,158.369
31.0,158.415
31.0256,158.241
31.0513,157.851
31.077,157.938
31.1026,157.511
31.1283,158.738
31.1539,157.143
31.1796,158.819
31.2053,157.17
31.2309,158.413
31.2566,157.065
31.2822,158.317
31.3079,157.303
31.3336,158.483
31.3592,156.802
31.3849,159.139
31.4106,156.706
31.4362,158.048
31.4619,156.905
31.4875,158.754
31.5132,156.971
31.5389,158.853
31.5645,156.691
31.5902,158.556
31.6159,157.543
31.6415,158.102
31.6672,157.371
31.6929,158.097
31.7185,157.232
31.7442,158.557
31.7699,157.623
31.7955,158.58
31.8212,157.794
31.8468,157.786
31.8725,158.456
31.8982,158.132
31.9238,158.614
31.9495,157.76
31.9751,158.315
32.0008,157.10219999999998
32.0264,157.51500000000001
32.0521,158.122
32.0778,158.48
32.1034,157.158
32.1291,158.851
32.1548,156.793
32.1804,158.681
32.2061,157.471
32.2318,158.392
32.2574,156.93
32.2831,158.491
32.3087,156.851
32.3344,158.921
32.36,156.23
32.3857,158.673
32.4114,156.663
32.437,158.271
32.4627,157.1
32.4883,158.169
32.514,156.524
32.5397,158.054
32.5653,156.869
32.591,157.722
32.6166,157.318
32.6423,158.312
32.668,156.996
32.6936,158.219
32.7193,157.052
32.7449,158.152
32.7706,157.277
32.7962,157.429
32.8219,157.793
32.8476,157.433
32.8732,157.923
32.8989,157.431
32.9245,157.792
32.9502,157.603
32.9759,157.787
33.0015,157.497
33.0272,158.885
33.0529,157.038
33.0785,159.02
33.1042,156.938
33.1298,158.849
33.1555,157.376
33.1811,158.566
33.2068,157.281
33.2325,158.707
33.2581,156.939
33.2838,159.231
33.3095,156.884
33.3351,158.859
33.3608,156.751
33.3865,158.491
33.4121,157.475
33.4378,158.353
33.4634,157.301
33.4891,158.685
33.5148,156.367
33.5404,157.586
33.5661,157.472
33.5917,158.201
33.6174,157.211
33.6431,158.329
33.6687,156.915
33.6944,158.048
33.7201,157.78
33.7457,157.928
33.7714,158.089
33.7971,157.658
33.8227,158.417
33.8484,157.701
33.8741,157.73
33.8997,157.521
33.9254,158.159
33.9511,157.386
33.9767,158.733
34.0024,156.938
34.028,158.993
34.0537,156.889
34.0794,158.095
34.105,156.45
34.1307,158.814
34.1564,156.503
34.182,158.426
34.2077,157.018
34.2334,158.169
34.259,156.856
34.2847,157.921
34.3104,156.937
34.336,158.454
34.3617,156.707
34.3874,158.367
34.413,157.276
34.4387,156.07940000000002
34.4644,157.295
34.4901,156.369
34.5157,156.8594
34.5414,156.609
34.5671,156.82
34.5927,157.204
34.6184,156.728
34.6441,157.401
34.6697,157.09
34.6954,156.448
34.7211,157.04
34.7467,157.14
34.7724,157.207
34.7981,156.84
34.8238,158.177
34.8494,156.601
34.8751,157.872
34.9007,156.408
34.9264,157.944
34.952,156.747
34.9777,157.546
35.0034,156.729
35.029,158.032
35.0547,155.988
35.0804,157.742
35.106,157.046
35.1317,158.063
35.1574,156.352
35.183,158.143
35.2087,156.347
35.2344,158.231
35.26,156.702
35.2857,157.722
35.3114,157.436
35.337,157.567
35.3627,156.772
35.3884,157.637
35.414,156.638
35.4397,157.868
35.4654,156.862
35.491,157.582
35.5167,157.783
35.5424,157.506
35.5681,158.025
35.5937,157.382
35.6194,158.127
35.6451,157.333
35.6707,157.415
35.6964,157.552
35.7221,158.042
35.7478,157.07
35.7734,158.171
35.7991,156.896
35.8248,158.797
35.8504,156.488
35.8761,157.936
35.9018,157.117
35.9274,158.055
35.9531,156.863
35.9788,158.259
36.0044,156.314
36.0301,158.175
36.0558,157.026
36.0814,157.87
36.1071,156.319
36.1328,158.062
36.1584,157.179
36.1841,158.023
36.2098,157.085
36.2354,158.539
36.2611,156.683
36.2868,158.237
36.3124,156.835
36.3381,158.08
36.3638,157.353
36.3894,157.547
36.4151,157.915
36.4407,157.925
36.4664,157.696
36.4921,158.181
36.5178,157.717
36.5434,157.733
36.5691,157.917
36.5948,157.254
36.6204,158.669
36.6461,156.803
36.6718,158.243
36.6974,157.408
36.7231,158.296
36.7488,157.273
36.7745,158.147
36.8001,156.83
36.8258,158.424
36.8515,156.385
36.8771,158.611
36.9028,156.836
36.9284,158.182
36.9541,156.698
36.9798,155.73540000000003
37.0054,156.87220000000002
37.0311,156.2466
37.0567,156.973
37.0824,157.268
37.108,156.724
37.1337,157.377
37.1594,156.235
37.185,157.601
37.2107,156.442
37.2364,158.009
37.262,156.464
37.2877,156.778
37.3134,156.574
37.339,157.947
37.3647,156.725
37.3904,157.395
37.416,157.452
37.4417,157.053
37.4674,157.259
37.493,156.98
37.5187,157.561
37.5444,157.239
37.57,157.372
37.5957,157.284
37.6214,158.035
37.647,156.92
37.6727,158.361
37.6984,156.451
37.724,158.638
37.7497,156.964
37.7753,158.329
37.801,157.353
37.8267,158.229
37.8523,156.779
37.878,157.798
37.9037,156.221
37.9293,158.636
37.955,156.487
37.9807,158.391
38.0063,156.924
38.032,158.141
38.0577,157.102
38.0833,157.794
38.109,157.207
38.1346,158.239
38.1603,156.754
38.186,158.119
38.2116,157.17
38.2373,158.172
38.2629,157.443
38.2886,157.249
38.3143,157.72
38.3399,157.591
38.3656,156.928
38.3913,156.856
38.4169,157.998
38.4426,157.197
38.4682,157.765
38.4939,157.292
38.5196,158.043
38.5452,157.55
38.5709,157.832
38.5966,157.134
38.6222,158.904
38.6479,156.594
38.6736,158.165
38.6992,156.354
38.7249,158.314
38.7505,157.114
38.7762,157.865
38.8019,156.608
38.8275,158.654
38.8532,156.783
38.8788,158.421
38.9045,156.236
38.9302,157.951
38.9558,156.711
38.9815,158.316
39.0071,156.997
39.0328,158.792
39.0585,156.935
39.0841,157.753
39.1098,157.321
39.1355,157.895
39.1611,157.358
39.1868,157.686
39.2124,157.188
39.2381,158.23
39.2638,157.353
39.2894,157.577
39.3151,157.878
39.3408,157.445
39.3664,158.197
39.3921,157.195
39.4177,158.189
39.4434,157.612
39.4691,157.853
39.4947,156.73560000000003
39.5204,156.86960000000002
39.5461,157.907
39.5717,157.745
39.5974,157.443
39.623,157.9
39.6487,156.293
39.6743,157.37
39.7,156.321
39.7257,157.498
39.7513,156.678
39.777,157.793
39.8027,156.1
39.8283,158.474
39.854,156.171
39.8797,157.878
39.9053,156.611
39.931,157.889
39.9566,156.874
39.9823,157.402
40.008,156.541
40.0336,157.674
40.0593,157.349
40.085,157.467
40.1106,157.147
40.1363,157.96
40.162,156.976
40.1876,157.898
40.2133,157.213
40.2389,157.664
40.2646,157.344
40.2903,156.783
40.3159,158.031
40.3416,157.195
40.3672,157.447
40.3929,156.847
40.4186,157.655
40.4442,157.441
40.4699,157.654
40.4956,156.878
40.5212,158.573
40.5469,156.605
40.5726,158.262
40.5982,156.33
40.6239,158.377
40.6496,157.222
40.6752,157.972
40.7009,156.558
40.7265,158.298
40.7522,156.843
40.7779,158.701
40.8035,156.391
40.8292,158.569
40.8548,156.985
40.8805,157.809
40.9062,157.316
40.9318,158.172
40.9575,157.053
40.9831,158.062
41.0088,156.878
41.0345,158.687
41.0601,157.196
41.0858,157.268
41.1114,157.261
41.1371,158.33
41.1628,157.178
41.1884,157.634
41.2141,157.821
41.2398,157.39
41.2654,158.327
41.2911,157.145
41.3167,157.963
41.3424,157.586
41.3681,157.581
41.3937,157.461
41.4194,158.221
41.445,157.407
41.4707,158.231
41.4964,156.625
41.522,158.881
41.5477,156.83
41.5734,158.109
41.599,157.3
41.6247,158.344
41.6503,156.681
41.676,158.407
41.7017,156.922
41.7273,158.207
41.753,157.014
41.7787,158.156
41.8043,157.035
41.83,158.859
41.8556,156.695
41.8813,158.412
41.907,157.17
41.9326,158.125
41.9583,157.271
41.9839,156.548
42.0096,157.0232
42.0353,156.621
42.0609,157.133
42.0866,157.543
42.1122,156.663
42.1379,157.415
42.1635,157.155
42.1892,156.928
42.2149,157.864
42.2405,157.099
42.2662,157.156
42.2918,157.032
42.3175,157.372
42.3432,157.347
42.3688,157.487
42.3945,156.539
42.4202,158.162
42.4458,156.374
42.4715,157.846
42.4972,156.713
42.5228,158.252
42.5485,156.89
42.5741,157.479
42.5998,156.014
42.6255,158.231
42.6511,156.781
42.6768,157.703
42.7025,157.063
42.7281,158.643
42.7538,157.067
42.7794,158.735
42.8051,156.733
42.8308,158.574
42.8564,156.783
42.8821,157.568
42.9077,157.123
42.9334,157.705
42.9591,157.553
42.9847,157.611
43.0104,157.068
43.0361,158.052
43.0617,157.223
43.0874,156.718
43.1131,157.327
43.1387,157.671
43.1644,157.419
43.19,157.448
43.2157,158.265
43.2414,157.164
43.267,158.362
43.2927,156.668
43.3184,158.051
43.344,156.743
43.3697,157.859
43.3954,156.724
43.4211,159.093
43.4467,156.769
43.4724,158.344
43.4981,157.27
43.5237,158.477
43.5494,156.704
43.5751,158.178
43.6007,156.581
43.6264,159.133
43.652,156.755
43.6777,158.339
43.7034,156.861
43.729,158.107
43.7547,157.112
43.7804,157.614
43.806,157.377
43.8317,158.417
43.8574,156.796
43.883,157.965
43.9087,157.116
43.9343,157.709
43.96,157.566
43.9857,157.093
44.0113,157.254
44.037,157.786
44.0627,158.03
44.0883,157.22
44.114,158.329
44.1397,157.171
44.1653,158.158
44.191,157.44
44.2166,158.095
44.2423,156.978
44.268,157.447
44.2937,156.631
44.3193,158.826
44.345,156.653
44.3707,158.326
44.3963,156.622
44.422,158.21
44.4476,156.713
44.4733,155.70999999999998
44.499,156.8598
44.5246,156.2962
44.5503,157.193
44.5759,157.145
44.6016,156.515
44.6273,157.801
44.6529,157.161
44.6786,158.108
44.7043,156.143
44.7299,157.935
44.7556,156.54
44.7812,157.282
44.8069,157.063
44.8326,157.729
44.8582,157.063
44.8839,157.256
44.9095,156.868
44.9352,157.677
44.9608,156.783
44.9865,156.952
45.0122,157.261
45.0378,156.951
45.0635,157.655
45.0891,156.564
45.1148,157.663
45.1405,157.047
45.1661,157.207
45.1918,156.04
45.2175,158.25
45.2431,156.583
45.2688,157.555
45.2945,157.029
45.3201,158.111
45.3458,156.577
45.3715,158.126
45.3971,156.578
45.4228,159.134
45.4484,156.314
45.4741,157.868
45.4998,156.854
45.5254,158.174
45.5511,157.025
45.5768,157.894
45.6024,156.834
45.6281,158.547
45.6538,156.8
45.6794,157.986
45.7051,156.795
45.7308,157.729
45.7564,157.053
45.7821,157.343
45.8078,157.643
45.8335,158.165
45.8591,157.563
45.8848,157.871
45.9105,157.597
45.9361,157.555
45.9618,157.655
45.9874,156.844
46.0131,158.251
46.0388,156.841
46.0644,157.897
46.0901,157.279
46.1158,158.197
46.1414,157.396
46.1671,157.973
46.1928,156.565
46.2184,158.521
46.2441,157.013
46.2698,158.801
46.2954,156.884
46.3211,158.637
46.3468,157.19
46.3725,157.917
46.3981,156.772
46.4238,158.507
46.4495,156.821
46.4751,158.553
46.5008,156.566
46.5265,158.672
46.5521,157.153
46.5778,157.811
46.6035,157.656
46.6291,157.85
46.6548,157.043
46.6805,158.143
46.7061,157.057
46.7318,158.213
46.7575,157.393
46.7831,157.691
46.8088,157.887
46.8345,157.325
46.8601,157.705
46.8858,157.262
46.9114,157.828
46.9371,157.857
46.9628,157.44
46.9884,156.45940000000002
47.0141,156.5952
47.0398,157.318
47.0654,157.465
47.0911,157.19740000000002
47.1168,157.787
47.1424,156.422
47.1681,156.995
47.1938,156.355
47.2194,157.544
47.2451,156.489
47.2708,157.708
47.2964,157.158
47.3221,158.251
47.3478,157.16979999999998
47.3734,157.546
47.3991,156.543
47.4248,157.721
47.4504,156.736
47.4761,157.777
47.5018,156.734
47.5274,158.191
47.5531,156.437
47.5787,158.052
47.6044,156.912
47.6301,157.344
47.6557,156.473
47.6814,157.793
47.707,156.956
47.7327,157.567
47.7584,157.483
47.784,157.037
47.8097,157.876
47.8354,157.43
47.861,157.492
47.8867,157.403
47.9123,157.67
47.938,157.548
47.9637,157.581
47.9893,156.393
48.015,158.536
48.0407,157.185
48.0663,158.172
48.092,156.731
48.1176,158.263
48.1433,157.012
48.169,157.967
48.1946,156.005
48.2203,158.411
48.246,156.993
48.2716,157.95
48.2973,156.946
48.323,158.335
48.3487,156.029
48.3743,157.68
48.4,157.054
48.4257,158.145
48.4513,156.883
48.477,158.123
48.5027,156.5
48.5283,158.719
48.554,156.93
48.5796,157.613
48.6053,157.914
48.631,157.338
48.6566,156.411
48.6823,157.446
48.708,157.678
48.7336,157.554
48.7593,158.05
48.7849,157.284
48.8106,158.0
48.8363,157.746
48.862,157.488
48.8876,156.975
48.9133,158.204
48.9389,156.926
48.9646,158.35
48.9903,156.442
49.016,158.626
49.0416,157.37
49.0673,158.75
49.093,157.371
49.1186,158.746
49.1443,157.113
49.17,158.722
49.1956,156.896
49.2213,159.309
49.247,157.325
49.2726,159.071
49.2983,157.516
49.324,158.498
49.3496,157.188
49.3753,158.416
49.4009,157.362
49.4266,156.66119999999998
49.4522,157.409
49.4779,158.094
49.5036,157.4886
49.5292,156.937
49.5549,157.669
49.5805,157.334
49.6062,157.416
49.6319,158.122
49.6575,157.404
49.6832,157.618
49.7088,157.228
49.7345,157.424
49.7601,158.277
49.7858,157.903
49.8114,157.911
49.8371,157.722
49.8628,157.988
49.8884,156.522
49.9141,158.643
49.9397,157.191
49.9654,158.591
49.991,157.083
50.0167,158.635
50.0424,157.49
50.0681,158.413
50.0937,156.954
50.1194,159.005
50.145,156.721
50.1707,158.927
50.1963,156.832
50.222,159.151
50.2477,157.689
50.2733,158.395
50.299,157.535
50.3246,159.081
50.3503,157.71
50.376,158.71
50.4016,157.685
50.4273,158.42
50.4529,157.065
50.4786,158.048
50.5043,158.231
50.5299,158.311
50.5556,158.072
50.5812,158.241
50.6069,157.769
50.6326,158.489
50.6582,158.134
50.6839,157.887
50.7096,158.581
50.7352,158.032
50.7609,158.92
50.7865,157.492
50.8122,158.384
50.8379,157.34
50.8635,158.922
50.8892,156.992
50.9149,159.297
50.9405,157.421
50.9662,158.618
50.9918,157.444
51.0175,158.798
51.0431,157.241
51.0688,158.844
51.0945,156.832
51.1201,157.83679999999998
51.1458,157.183
51.1715,158.686
51.1971,157.639
51.2228,158.995
51.2484,157.838
51.2741,158.692
51.2998,157.517
51.3254,159.215
51.3511,157.311
51.3768,158.026
51.4024,157.699
51.4281,158.5
51.4538,157.407
51.4794,158.731
51.5051,158.235
51.5308,157.748
51.5564,157.874
51.5821,158.283
51.6078,158.023
51.6334,158.467
51.6591,158.723
51.6847,157.265
51.7104,158.723
51.736,157.62
51.7617,158.887
51.7874,157.876
51.813,158.888
51.8387,157.573
51.8644,158.543
51.89,157.392
51.9157,157.1672
51.9413,157.606
51.967,156.569
51.9927,157.4368
52.0183,156.8946
52.044,157.712
52.0697,157.713
52.0953,156.753
52.121,158.275
52.1467,156.305
52.1723,158.449
52.198,156.79
52.2237,158.463
52.2493,156.864
52.275,157.73
52.3006,157.166
52.3263,157.867
52.352,157.025
52.3776,158.23
52.4033,157.282
52.429,158.477
52.4546,157.598
52.4803,157.795
52.506,158.138
52.5316,157.872
52.5573,158.301
52.583,157.383
52.6086,157.89
52.6343,157.576
52.66,158.29
52.6856,157.001
52.7113,158.652
52.7369,157.718
52.7626,158.16
52.7883,157.377
52.8139,158.661
52.8396,157.312
52.8653,158.86
52.8909,156.812
52.9166,157.6604
52.9423,157.368
52.9679,158.17
52.9936,157.092
53.0193,159.384
53.0449,156.963
53.0706,158.877
53.0963,157.564
53.1219,158.645
53.1476,157.644
53.1733,158.612
53.1989,157.512
53.2246,158.917
53.2503,157.427
53.2759,158.662
53.3016,157.723
53.3273,158.516
53.3529,158.037
53.3786,158.16
53.4043,158.493
53.43,158.408
53.4556,157.735
53.4813,157.632
53.507,158.508
53.5326,157.58
53.5583,158.092
53.584,157.834
53.6096,158.461
53.6353,158.0
53.661,158.772
53.6866,157.121
53.7123,158.909
53.738,157.826
53.7636,158.858
53.7893,157.313
53.815,157.8588
53.8406,157.066
53.8663,159.125
53.8664,156.932
53.9176,159.114
53.9433,157.806
53.969,158.486
53.9946,157.055
54.0203,159.147
54.0459,157.013
54.0716,158.259
54.0973,157.458
54.1229,158.983
54.1486,157.562
54.1743,159.303
54.1999,157.719
54.2256,159.238
54.2513,157.853
54.2769,158.238
54.3026,158.186
54.3283,158.395
54.3539,157.771
54.3796,158.255
54.4053,158.526
54.4309,158.057
54.4566,158.693
54.4823,156.8526
54.5079,157.4122
54.5336,157.8
54.5593,157.509
54.5849,157.308
54.6106,158.07
54.6363,156.931
54.662,158.143
54.6876,156.154
54.7133,158.386
54.7389,157.043
54.7646,158.062
54.7903,157.078
54.8159,158.268
54.8416,156.938
54.8673,158.594
54.8929,157.007
54.9186,159.359
54.9442,156.788
54.9699,158.349
54.9956,157.066
55.0212,158.294
55.0469,157.009
55.0726,158.056
55.0982,157.14
55.1239,158.683
55.1496,156.611
55.1752,158.211
55.2009,156.896
55.2266,158.113
55.2522,157.75
55.2779,157.724
55.3036,157.895
55.3292,158.578
55.3549,157.91
55.3806,158.13
55.4063,158.021
55.4319,158.063
55.4576,158.454
55.4832,156.251
55.5089,158.968
55.5346,158.382
55.5603,158.409
55.5859,157.373
55.6116,158.455
55.6373,156.722
55.663,158.049
55.6886,156.889
55.7143,159.248
55.74,156.958
55.7656,158.848
55.7913,156.97
55.817,158.822
55.8426,157.657
55.8683,158.552
55.894,157.415
55.9196,159.026
55.9453,157.351
55.971,159.079
55.9966,157.242
56.0223,159.175
56.048,157.741
56.0737,158.302
56.0993,158.207
56.125,158.513
56.1507,157.794
56.1763,158.293
56.202,157.616
56.2277,158.799
56.2534,158.044
56.279,157.877
56.3047,158.202
56.3304,157.481
56.356,158.327
56.3817,157.468
56.4074,158.434
56.4331,158.374
56.4587,158.13
56.4844,157.527
56.5101,158.567
56.5357,156.962
56.5614,158.199
56.5871,156.646
56.6128,158.756
56.6384,156.976
56.6641,158.288
56.6898,157.165
56.7154,158.679
56.7411,157.008
56.7668,158.821
56.7924,156.894
56.8181,159.394
56.8438,156.887
56.8695,158.351
56.8951,157.275
56.9208,156.5032
56.9465,157.927
56.9722,157.578
56.9978,157.3986
57.0235,157.28
57.0492,157.068
57.0748,157.14
57.1005,156.908
57.1262,158.256
57.1518,157.021
57.1775,157.896
57.2032,157.203
57.2289,157.313
57.2545,157.69
57.2802,157.145
57.3059,157.508
57.3316,157.598
57.3572,157.886
57.3829,156.825
57.4086,158.54
57.4343,156.94
57.4599,158.335
57.4856,157.184
57.5112,158.55
57.5369,157.275
57.5626,158.314
57.5882,157.02
57.6139,159.164
57.6396,156.583
57.6652,158.791
57.6909,156.675
57.7166,158.227
57.7423,156.495
57.7679,158.684
57.7936,156.771
57.8193,158.959
57.845,157.176
57.8706,158.099
57.8963,157.558
57.922,158.667
57.9476,157.253
57.9733,158.441
57.999,157.053
58.0246,158.517
58.0503,157.492
58.076,157.838
58.1016,158.07
58.1273,157.758
58.153,157.797
58.1786,157.859
58.2043,157.925
58.23,157.823
58.2556,157.766
58.2813,157.724
58.307,158.62
58.3326,157.078
58.3583,158.467
58.384,157.134
58.4097,158.697
58.4353,157.272
58.461,158.163
58.4867,156.77
58.5123,159.038
58.538,156.987
58.5637,158.384
58.5894,157.264
58.615,158.74
58.6407,156.818
58.6664,158.875
58.692,156.809
58.7177,159.433
58.7434,156.901
58.7691,158.432
58.7947,157.238
58.8204,158.509
58.8461,157.693
58.8717,158.0
58.8974,157.504
58.9231,158.816
58.9488,157.417
58.9744,158.104
59.0001,157.473
59.0258,158.058
59.0514,158.018
59.0771,157.477
59.1028,158.448
59.1284,158.135
59.1541,157.983
59.1798,158.042
59.2055,158.134
59.2311,157.533
59.2568,158.323
59.2825,157.424
59.3082,159.266
59.3338,157.478
59.3595,158.674
59.3852,157.151
59.4109,158.53
59.4365,157.525
59.4622,158.641
59.4879,157.56220000000002
59.5135,156.9808
59.5392,157.764
59.5649,158.509
59.5905,156.695
59.6162,158.484
59.6419,157.032
59.6675,158.16
59.6932,157.393
59.7189,158.318
59.7446,156.531
59.7702,158.723
59.7959,157.012
59.8216,158.613
59.8473,157.206
59.8729,157.743
59.8986,157.729
59.9243,158.045
59.9499,157.516
59.9756,158.057
60.0013,158.211
60.0269,158.293
60.0526,158.619
60.0783,157.753
60.104,158.02
60.1296,157.743
60.1553,157.754
60.181,157.49
60.2066,158.745
60.2323,157.071
60.258,158.713
60.2837,157.196
60.3093,158.812
60.335,156.968
60.3607,158.135
60.3863,157.047
60.412,158.421
60.4377,156.268
60.4634,158.313
60.489,157.864
60.5147,158.798
60.5404,156.699
60.566,158.429
60.5917,156.449
60.6174,158.984
60.6431,157.068
60.6687,158.553
60.6944,157.511
60.7201,158.114
60.7457,156.501
60.7714,158.57
60.7971,157.578
60.8227,158.063
60.8484,157.737
60.8741,157.862
60.8997,157.398
60.9254,158.242
60.951,158.276
60.9767,157.561
61.0024,158.282
61.0281,158.145
61.0537,158.161
61.0794,157.868
61.1051,158.47
61.1307,157.852
61.1564,158.768
61.182,157.401
61.2077,159.26
61.2334,157.408
61.2591,158.99
61.2847,157.576
61.3104,158.995
61.3361,157.676
61.3617,158.682
61.3874,156.79
61.4131,157.8788
61.4387,157.195
61.4644,159.324
61.4901,157.403
61.5157,158.728
61.5414,157.241
61.5671,158.53
61.5928,157.933
61.6184,158.899
61.6441,156.957
61.6698,158.778
61.6954,157.159
61.7211,158.879
61.7468,157.967
61.7725,157.872
61.7981,157.844
61.8238,157.977
61.8495,157.819
61.8751,158.099
61.9008,157.917
61.9264,158.58
61.9521,158.013
61.9778,157.0704
62.0034,157.22719999999998
62.0291,158.008
62.0548,158.187
62.0804,156.54
62.1061,157.718
62.1318,157.27
62.1574,157.679
62.1831,157.089
62.2088,158.768
62.2344,156.854
62.2601,158.661
62.2858,156.489
62.3115,158.811
62.3371,156.708
62.3628,158.136
62.3885,157.041
62.4141,158.662
62.4398,157.369
62.4655,158.738
62.4911,157.168
62.5168,158.932
62.5425,156.969
62.5681,157.763
62.5938,156.864
62.6195,158.752
62.6451,156.723
62.6708,158.092
62.6965,157.383
62.7221,157.971
62.7478,157.597
62.7734,157.066
62.7991,157.467
62.8248,157.871
62.8505,157.338
62.8761,157.527
62.9018,157.839
62.9275,157.532
62.9531,157.787
62.9788,156.551
63.0045,158.268
63.0301,156.71
63.0558,157.996
63.0815,157.308
63.1071,158.083
63.1328,156.23
63.1585,158.249
63.1841,156.862
63.2098,158.45
63.2355,157.312
63.2611,158.173
63.2868,156.571
63.3125,158.605
63.3381,156.052
63.3638,158.34
63.3895,156.793
63.4151,158.292
63.4408,157.104
63.4665,157.892
63.4921,157.284
63.5178,158.299
63.5435,156.68
63.5692,157.914
63.5948,156.797
63.6205,158.048
63.6462,157.326
63.6718,156.924
63.6975,156.984
63.7231,157.509
63.7488,157.22
63.7745,157.403
63.8001,158.2
63.8258,156.855
63.8515,157.75
63.8771,156.951
63.9028,157.768
63.9285,157.606
63.9542,157.663
63.9798,156.674
64.0055,158.286
64.0312,156.36
64.0568,158.463
64.0825,156.441
64.1082,157.859
64.1339,156.446
64.1595,158.6
64.1852,156.524
64.2109,158.466
64.2365,156.643
64.2622,157.952
64.2879,156.826
64.3136,158.245
64.3392,157.049
64.3649,158.282
64.3906,156.497
64.4163,158.411
64.4419,156.699
64.4676,157.433
64.4933,156.78979999999999
64.519,155.957
64.5447,157.171
64.5703,156.689
64.596,156.78040000000001
64.6217,156.937
64.6474,156.795
64.673,156.31
64.6987,156.658
64.7244,157.352
64.75,156.666
64.7757,156.816
64.8014,156.828
64.8271,156.655
64.8528,157.354
64.8784,155.947
64.9041,156.913
64.9298,156.466
64.9554,157.427
64.9811,157.2754
65.0067,157.992
65.0324,156.419
65.0581,158.073
65.0837,156.653
65.1094,158.231
65.1351,157.553
65.1607,158.262
65.1864,156.39
65.2121,158.411
65.2377,157.2748
65.2634,157.766
65.2891,156.317
65.3147,157.49
65.3404,156.241
65.3661,158.065
65.3917,156.744
65.4174,158.242
65.443,157.232
65.4687,157.515
65.4944,157.762
65.5201,157.708
65.5457,156.942
65.5714,157.555
65.5971,157.093
65.6227,157.841
65.6484,157.488
65.6741,156.868
65.6997,157.828
65.7254,156.829
65.7511,157.521
65.7767,156.398
65.8024,157.347
65.8281,157.186
65.8538,157.341
65.8794,156.09
65.9051,158.147
65.9308,157.096
65.9564,157.425
65.9821,156.399
66.0078,158.315
66.0334,156.59
66.0591,158.281
66.0848,156.172
66.1104,158.706
66.1361,156.955
66.1618,157.667
66.1874,156.325
66.2131,158.573
66.2388,156.663
66.2644,158.041
66.2901,157.313
66.3158,158.01
66.3414,157.201
66.3671,157.669
66.3928,156.737
66.4184,158.413
66.4441,156.911
66.4698,157.511
66.4955,157.072
66.5211,157.133
66.5468,157.338
66.5725,156.835
66.5981,157.462
66.6238,157.455
66.6495,157.322
66.6751,156.921
66.7008,157.571
66.7265,156.9
66.7522,157.775
66.7778,156.194
66.8035,158.374
66.8292,157.005
66.8548,157.79
66.8805,156.752
66.9061,158.29
66.9318,157.073
66.9575,158.161
66.9831,156.8406
67.0088,156.216
67.0345,156.97
67.0602,157.621
67.0858,156.009
67.1115,157.478
67.1371,156.264
67.1628,157.067
67.1885,156.989
67.2142,157.945
67.2398,156.064
67.2655,157.605
67.2912,156.129
67.3168,157.639
67.3425,156.669
67.3682,156.837
67.3938,156.849
67.4195,157.327
67.4452,156.392
67.4708,156.761
67.4965,157.373
67.5222,157.2
67.5478,157.081
67.5735,156.572
67.5992,156.813
67.6248,156.755
67.6505,157.603
67.6762,156.596
67.7018,157.439
67.7275,157.234
67.7532,157.473
67.7788,156.356
67.8045,157.993
67.8302,156.538
67.8558,158.033
67.8815,156.118
67.9072,157.792
67.9328,156.484
67.9585,158.178
67.9842,156.149
68.0098,158.4
68.0355,156.481
68.0612,157.667
68.0868,156.704
68.1125,157.851
68.1382,156.704
68.1639,157.821
68.1895,156.313
68.2152,158.336
68.2409,156.465
68.2665,157.771
68.2922,157.145
68.3179,157.54
68.3436,157.515
68.3692,157.286
68.3949,157.002
68.4205,157.861
68.4462,157.146
68.4719,157.359
68.4975,157.736
68.5232,157.252
68.5489,158.022
68.5745,156.663
68.6002,158.08
68.6258,157.177
68.6515,157.492
68.6771,156.961
68.7028,158.141
68.7285,157.016
68.7541,158.323
68.7798,156.265
68.8055,158.513
68.8311,156.542
68.8568,157.935
68.8824,156.649
68.9081,158.142
68.9338,157.021
68.9595,157.611
68.9851,156.438
69.0108,158.86
69.0364,156.504
69.0621,158.142
69.0878,156.584
69.1135,157.83
69.1391,156.337
69.1648,157.949
69.1904,156.78
69.2161,157.834
69.2418,157.268
69.2674,157.282
69.2931,157.391
69.3188,157.618
69.3444,157.055
69.3701,157.547
69.3957,157.147
69.4214,157.932
69.4471,157.658
69.4727,156.30419999999998
69.4984,156.51799999999997
69.5241,156.922
69.5497,157.027
69.5754,156.047
69.6011,156.871
69.6267,156.831
69.6524,156.852
69.6781,156.194
69.7037,157.84
69.7294,157.06119999999999
69.7551,156.94
69.7807,156.48
69.8064,157.852
69.8321,156.045
69.8578,157.754
69.8834,156.9522
69.9091,157.898
69.9348,156.057
69.9604,157.007
69.9861,157.03619999999998
70.0118,158.089
70.0374,156.418
70.0631,157.61
70.0888,156.645
70.1144,157.389
70.1401,156.766
70.1658,157.108
70.1914,155.942
70.2171,157.45
70.2428,157.679
70.2684,156.991
70.2941,156.745
70.3198,157.766
70.3454,157.008
70.3711,158.069
70.3968,157.614
70.4224,156.935
70.4481,157.701
70.4738,156.389
70.4994,157.814
70.5251,156.933
70.5508,157.389
70.5764,156.844
70.6021,157.79
70.6278,156.217
70.6534,157.409
70.6791,156.302
70.7048,157.788
70.7304,156.823
70.7561,158.034
70.7817,156.448
70.8074,158.811
70.833,156.397
70.8587,157.993
70.8843,156.442
70.91,157.841
70.9357,156.235
70.9613,158.035
70.987,156.721
71.0127,157.924
71.0383,157.127
71.064,157.335
71.0896,156.877
71.1153,157.895
71.141,156.849
71.1666,157.813
71.1923,157.043
71.218,157.824
71.2436,157.541
71.2693,156.974
71.2949,157.873
71.3206,157.261
71.3463,157.305
71.3719,156.809
71.3976,157.474
71.4233,157.774
71.4489,157.701
71.4746,156.3
71.5002,157.887
71.5259,157.083
71.5516,157.419
71.5772,156.507
71.6029,158.45
71.6286,156.67
71.6542,158.385
71.6799,156.236
71.7056,158.445
71.7312,157.126
71.7569,157.75
71.7825,156.922
71.8082,158.488
71.8339,156.649
71.8595,158.251
71.8852,156.361
71.9109,155.7428
71.9365,156.606
71.9622,156.734
71.9879,156.6248
72.0135,156.283
72.0392,156.636
72.0649,156.865
72.0905,156.669
72.1162,156.957
72.1419,156.668
72.1676,156.972
72.1932,156.773
72.2189,157.554
72.2446,156.468
72.2702,156.955
72.2959,157.043
72.3215,156.204
72.3472,156.61
72.3729,156.735
72.3985,157.2
72.4242,156.569
72.4499,157.641
72.4755,156.375
72.5012,158.213
72.5269,156.39
72.5525,157.341
72.5782,156.478
72.6038,157.919
72.6295,156.684
72.6552,157.748
72.6808,156.198
72.7065,158.35
72.7322,156.065
72.7578,157.782
72.7835,156.306
72.8092,158.102
72.8348,156.824
72.8605,157.439
72.8862,156.646
72.9118,158.345
72.9375,156.514
72.9632,158.048
72.9888,156.709
73.0145,157.739
73.0402,156.958
73.0658,157.217
73.0915,157.46
73.1172,157.518
73.1428,156.924
73.1685,157.452
73.1942,157.239
73.2198,157.412
73.2455,157.437
73.2711,156.892
73.2968,158.315
73.3225,156.885
73.3481,157.919
73.3738,156.69
73.3995,157.697
73.4251,156.94
73.4508,157.549
73.4765,156.77
73.5022,158.648
73.5278,156.617
73.5535,158.483
73.5792,156.55
73.6048,158.547
73.6305,156.674
73.6562,157.908
73.6818,156.403
73.7075,158.496
73.7332,156.713
73.7588,157.706
73.7845,157.128
73.8102,158.056
73.8358,156.77
73.8615,157.882
73.8872,156.828
73.9128,158.453
73.9385,156.915
73.9641,157.538
73.9898,157.667
74.0155,157.745
74.0412,157.513
74.0668,157.254
74.0925,156.902
74.1181,157.187
74.1438,157.68
74.1695,157.068
74.1951,158.016
74.2208,157.409
74.2465,157.6
74.2721,157.318
74.2978,158.247
74.3235,156.977
74.3492,157.97
74.3748,156.385
74.4005,158.59
74.4261,156.85
74.4518,157.867
74.4775,156.5534
74.5031,156.3282
74.5288,157.149
74.5545,157.326
74.5801,155.989
74.6058,158.143
74.6315,155.934
74.6571,157.526
74.6828,156.193
74.7084,157.571
74.7341,156.701
74.7598,157.43
74.7854,156.235
74.8111,157.944
74.8368,156.295
74.8624,157.609
74.8881,156.246
74.9138,157.588
74.9394,156.812
74.9651,156.831
74.9908,157.076
75.0164,157.007
75.0421,156.778
75.0678,157.301
75.0934,156.969
75.1191,157.307
75.1448,157.385
75.1704,156.705
75.1961,158.088
75.2218,157.012
75.2474,158.17
75.2731,156.637
75.2988,157.639
75.3244,156.981
75.3501,158.166
75.3758,156.963
75.4014,158.26
75.4271,156.058
75.4528,158.133
75.4784,156.317
75.5041,158.418
75.5298,156.722
75.5554,157.597
75.5811,156.608
75.6068,158.075
75.6324,156.249
75.6581,158.042
75.6838,156.536
75.7094,158.439
75.7351,156.717
75.7608,157.496
75.7864,157.309
75.8121,157.808
75.8378,157.034
75.8634,157.463
75.8891,156.955
75.9147,157.853
75.9404,157.007
75.9661,157.386
75.9917,157.427
76.0174,157.24
76.0431,157.995
76.0687,156.867
76.0944,157.777
76.1201,157.336
76.1457,157.23
76.1714,156.845
76.1971,157.985
76.2227,157.165
76.2484,158.152
76.2741,156.681
76.2998,158.631
76.3254,156.625
76.3511,157.95
76.3767,157.147
76.4024,158.372
76.4281,156.746
76.4537,158.435
76.4794,156.819
76.5051,158.692
76.5307,156.136
76.5564,157.675
76.5821,156.813
76.6078,158.634
76.6334,156.717
76.6591,158.254
76.6848,156.821
76.7104,158.178
76.7361,157.606
76.7618,157.685
76.7874,157.543
76.8131,157.982
76.8388,157.22
76.8644,157.909
76.8901,157.246
76.9158,157.165
76.9414,157.332
76.9671,156.0266
76.9928,156.7578
77.0184,157.426
77.0441,156.883
77.0698,156.29
77.0954,157.722
77.1211,156.323
77.1468,157.305
77.1724,156.443
77.1981,157.514
77.2238,156.846
77.2494,157.327
77.2751,156.319
77.3008,158.024
77.3264,157.2374
77.3521,157.892
77.3778,156.15
77.4035,157.802
77.4291,156.363
77.4548,157.325
77.4805,156.25
77.5061,157.74
77.5318,156.199
77.5575,157.861
77.5831,156.23
77.6088,158.154
77.6345,156.593
77.6601,157.536
77.6858,157.307
77.7114,157.581
77.7371,156.955
77.7628,157.513
77.7884,156.907
77.8141,157.889
77.8398,156.802
77.8654,157.383
77.8911,157.79
77.9167,157.009
77.9424,157.659
77.9681,156.943
77.9937,157.861
78.0194,157.166
78.0451,157.114
78.0707,155.997
78.0964,157.903
78.1221,156.871
78.1477,157.762
78.1734,157.017
78.1991,158.183
78.2247,156.939
78.2504,158.281
78.2761,156.504
78.3017,158.677
78.3274,156.448
78.3531,158.172
78.3787,156.807
78.4044,158.145
78.4301,157.038
78.4557,158.086
78.4814,156.844
78.5071,158.565
78.5327,156.443
78.5584,157.946
78.5841,156.908
78.6098,157.549
78.6354,156.674
78.6611,157.953
78.6868,156.918
78.7124,157.261
78.7381,156.973
78.7637,157.936
78.7894,157.197
78.8151,157.49
78.8407,157.554
78.8664,156.692
78.8921,158.003
78.9177,157.301
78.9434,157.51
78.9691,157.073
78.9947,157.981
79.0204,157.351
79.0461,157.704
79.0717,156.484
79.0974,158.434
79.1231,156.18
79.1487,157.345
79.1744,156.69
79.2001,158.429
79.2257,156.304
79.2514,158.537
79.277,157.055
79.3027,158.696
79.3284,156.875
79.354,157.837
79.3797,157.302
79.4054,158.227
79.431,156.102
79.4567,157.216
79.4823,156.6838
79.508,155.8684
79.5337,156.993
79.5593,157.26
79.585,155.961
79.6107,157.812
79.6363,156.293
79.662,157.006
79.6877,157.039
79.7133,156.846
79.739,156.782
79.7647,156.938
79.7903,157.192
79.816,157.323
79.8417,156.683
79.8673,156.019
79.893,157.374
79.9187,157.017
79.9443,156.871
79.97,156.717
79.9957,157.569
80.0213,156.662
80.047,158.044
80.0727,156.172
80.0983,158.224
80.124,156.376
80.1497,157.554
80.1754,156.608
80.201,157.815
80.2267,156.627
80.2523,158.019
80.278,156.407
80.3037,158.428
80.3293,156.204
80.355,158.111
80.3807,157.114
80.4063,157.844
80.432,156.66
80.4577,157.911
80.4833,157.49
80.509,158.197
80.5347,156.711
80.5603,157.918
80.586,157.154
80.6117,157.862
80.6373,157.533
80.663,156.901
80.6887,157.608
80.7143,157.261
80.74,157.111
80.7656,157.146
80.7913,157.325
80.817,156.731
80.8426,157.648
80.8683,157.23
80.8939,157.97
80.9196,157.074
80.9453,157.736
80.9709,156.855
80.9966,158.496
81.0223,156.594
81.0479,158.439
81.0736,156.817
81.0993,158.538
81.1249,157.111
81.1506,157.808
81.1762,157.015
81.2019,158.355
81.2276,155.941
81.2532,157.448
81.2789,156.754
81.3045,158.173
81.3302,156.38
81.3559,158.077
81.3815,156.653
81.4072,158.228
81.4329,157.123
81.4585,157.713
81.4842,157.506
81.5099,157.546
81.5355,156.55
81.5612,157.566
81.5869,157.612
81.6125,157.145
81.6382,157.576
81.6638,157.31
81.6895,157.838
81.7152,157.632
81.7408,157.088
81.7665,157.234
81.7922,157.883
81.8178,156.772
81.8435,158.017
81.8692,156.593
81.8948,158.339
81.9205,156.778
81.9462,157.496
81.9718,156.40619999999998
81.9975,156.0956
82.0232,157.09
82.0489,157.05
82.0745,156.043
82.1002,157.278
82.1258,156.195
82.1515,157.57
82.1772,156.068
82.2028,157.918
82.2285,157.0736
82.2542,157.053
82.2798,156.432
82.3055,157.897
82.3312,155.957
82.3568,157.614
82.3825,156.557
82.4082,157.44
82.4338,157.056
82.4595,157.377
82.4852,156.993
82.5108,157.327
82.5365,156.506
82.5622,157.371
82.5878,156.85
82.6135,156.738
82.6391,156.994
82.6648,157.162
82.6905,157.421
82.7161,157.328
82.7418,157.675
82.7674,156.75
82.7931,158.068
82.8187,156.367
82.8444,157.805
82.8701,156.583
82.8957,157.769
82.9214,156.631
82.947,157.409
82.9727,156.389
82.9984,158.171
83.024,156.137
83.0497,158.222
83.0753,156.506
83.101,158.216
83.1267,156.544
83.1523,157.565
83.178,157.241
83.2037,158.18
83.2293,156.462
83.255,158.053
83.2807,156.66
83.3063,158.272
83.332,156.909
83.3577,157.608
83.3833,157.421
83.409,157.504
83.4347,157.258
83.4603,157.644
83.486,157.485
83.5117,157.775
83.5373,157.26
83.563,157.357
83.5886,157.805
83.6143,157.129
83.64,157.842
83.6656,156.632
83.6913,157.437
83.717,156.704
83.7426,157.998
83.7683,156.618
83.7939,158.602
83.8196,156.809
83.8453,157.721
83.8709,156.749
83.8966,158.087
83.9223,156.651
83.9479,158.217
83.9736,156.458
83.9992,158.763
84.0249,156.6
84.0506,158.048
84.0762,156.68
84.1019,157.932
84.1275,156.205
84.1532,158.169
84.1789,157.096
84.2045,157.928
84.2302,157.096
84.2559,157.893
84.2816,157.288
84.3072,158.02
84.3329,156.801
84.3586,157.906
84.3842,157.189
84.4099,157.744
84.4356,157.481
84.4612,156.2534
84.4869,156.7714
84.5125,157.073
84.5382,156.966
84.5639,156.797
84.5895,156.783
84.6152,156.649
84.6409,156.828
84.6665,156.385
84.6922,157.863
84.7178,156.315
84.7435,157.652
84.7691,156.524
84.7948,157.465
84.8205,156.535
84.8461,157.376
84.8718,156.645
84.8974,158.141
84.9231,157.4314
84.9488,157.887
84.9744,156.472
85.0001,158.012
85.0257,156.612
85.0514,157.634
85.0771,156.836
85.1027,157.751
85.1284,157.4542
85.154,157.689
85.1797,157.271
85.2054,157.724
85.231,157.01
85.2567,157.893
85.2823,156.736
85.308,157.898
85.3336,156.958
85.3593,157.524
85.3849,158.089
85.4106,157.4
85.4363,157.645
85.4619,156.995
85.4876,157.629
85.5132,157.318
85.5389,156.979
85.5646,156.554
85.5902,158.869
85.6159,157.557
85.6416,157.547
85.6672,157.19
85.6929,158.056
85.7186,156.428
85.7442,158.025
85.7699,156.417
85.7955,158.471
85.8212,156.388
85.8469,158.008
85.8725,156.974
85.8982,158.09
85.9238,156.131
85.9495,158.191
85.9752,156.934
86.0008,157.805
86.0265,157.071
86.0521,157.974
86.0778,156.814
86.1035,158.438
86.1291,156.476
86.1548,157.565
86.1805,157.177
86.2061,158.232
86.2318,156.586
86.2574,158.161
86.2831,157.139
86.3088,157.923
86.3344,157.406
86.3601,157.181
86.3857,157.662
86.4114,157.311
86.4371,157.346
86.4627,157.645
86.4884,157.579
86.5141,157.493
86.5397,157.719
86.5654,157.011
86.591,158.424
86.6167,156.553
86.6424,157.462
86.668,157.021
86.6937,158.466
86.7193,156.213
86.745,158.37
86.7707,156.693
86.7963,158.081
86.822,156.636
86.8476,157.794
86.8733,156.829
86.899,156.02280000000002
86.9246,156.357
86.9503,157.491
86.9759,156.75140000000002
87.0016,156.03040000000001
87.0272,156.772
87.0529,158.02
87.0786,156.226
87.1042,158.638
87.1299,156.972
87.1556,158.017
87.1812,157.643
87.2069,158.19
87.2325,156.778
87.2582,158.102
87.2839,158.018
87.3095,157.786
87.3352,158.024
87.3609,157.785
87.3865,157.997
87.4122,157.998
87.4379,157.696
87.4635,158.168
87.4892,158.898
87.5148,157.174
87.5405,158.48
87.5662,156.802
87.5918,158.584
87.6175,157.264
87.6432,158.488
87.6688,157.627
87.6945,158.466
87.7202,157.217
87.7458,159.022
87.7715,157.252
87.7971,158.602
87.8228,157.463
87.8485,158.938
87.8741,157.13
87.8998,159.411
87.9255,157.133
87.9511,158.713
87.9768,157.628
88.0025,158.579
88.0281,157.851
88.0538,158.528
88.0794,157.815
88.1051,158.915
88.1308,157.353
88.1565,158.601
88.1821,157.78
88.2078,158.396
88.2334,158.045
88.2591,158.016
88.2848,158.541
88.3104,157.931
88.3361,158.112
88.3618,158.023
88.3874,158.127
88.4131,158.152
88.4388,158.425
88.4644,157.288
88.4901,158.743
88.5158,156.859
88.5414,158.471
88.5671,157.684
88.5928,158.725
88.6184,157.42
88.6441,158.612
88.6698,157.158
88.6954,159.018
88.7211,156.86
88.7468,159.158
88.7724,157.16
88.7981,159.059
88.8237,157.469
88.8494,158.502
88.8751,157.616
88.9007,158.721
88.9264,157.124
88.9521,158.727
88.9777,156.974
89.0034,158.873
89.0291,157.337
89.0547,158.208
89.0804,157.919
89.1061,158.327
89.1318,157.901
89.1574,158.212
89.1831,157.583
89.2087,158.627
89.2344,157.687
89.2601,157.926
89.2857,158.374
89.3114,157.568
89.3371,158.519
89.3627,157.72
89.3884,158.337
89.414,157.522
89.4397,156.4548
89.4654,157.4676
89.4911,157.44639999999998
89.5167,158.194
89.5424,158.431
89.5681,157.259
89.5937,158.258
89.6194,156.702
89.6451,158.579
89.6707,156.852
89.6964,158.458
89.7221,156.952
89.7477,158.828
89.7734,156.91
89.7991,158.283
89.8247,157.47
89.8504,158.961
89.876,156.848
89.9017,158.509
89.9274,157.569
89.953,158.166
89.9787,157.235
90.0044,158.453
90.03,157.261
90.0557,158.635
90.0814,157.994
90.107,158.275
90.1327,158.155
90.1583,157.542
90.184,158.343
90.2097,158.109
90.2353,158.066
90.261,157.948
90.2866,158.552
90.3123,158.101
90.3379,158.552
90.3636,157.747
90.3893,158.2184
90.4149,157.75
90.4406,159.33
90.4663,157.713
90.4919,159.083
90.5176,157.463
90.5433,158.687
90.5689,156.972
90.5946,159.021
90.6202,156.655
90.6459,159.051
90.6716,157.189
90.6972,159.384
90.7229,157.725
90.7486,158.196
90.7742,157.449
90.7999,158.313
90.8255,156.76
90.8512,158.624
90.8769,156.96
90.9026,158.265
90.9282,157.006
90.9539,157.632
90.9796,157.949
91.0052,157.72
91.0309,157.51
91.0566,157.553
91.0822,157.408
91.1079,157.789
91.1336,157.538
91.1592,157.274
91.1849,158.198
91.2106,157.029
91.2362,158.047
91.2619,156.879
91.2876,157.915
91.3132,157.011
91.3389,158.679
91.3646,156.795
91.3902,158.458
91.4159,156.815
91.4415,158.03
91.4672,157.175
91.4929,158.284
91.5185,156.75
91.5442,158.296
91.5698,156.555
91.5955,158.892
91.6212,156.703
91.6468,158.192
91.6725,157.471
91.6981,158.021
91.7238,157.222
91.7495,158.064
91.7751,156.82
91.8008,157.856
91.8264,157.269
91.8521,157.885
91.8778,157.457
91.9034,157.838
91.9291,157.127
91.9548,156.529
91.9804,156.799
92.0061,156.88
92.0318,157.041
92.0574,156.418
92.0831,157.163
92.1088,156.499
92.1344,156.395
92.1601,156.343
92.1858,157.576
92.2114,156.096
92.2371,157.238
92.2628,156.794
92.2884,157.38
92.3141,157.22899999999998
92.3397,157.641
92.3654,156.523
92.3911,157.807
92.4167,156.564
92.4424,157.584
92.4681,156.431
92.4938,158.237
92.5194,156.143
92.5451,158.267
92.5707,156.352
92.5964,157.888
92.6221,156.973
92.6477,157.468
92.6734,156.046
92.6991,158.097
92.7247,156.734
92.7504,157.321
92.7761,157.305
92.8017,157.568
92.8274,157.045
92.853,157.673
92.8787,156.731
92.9044,157.76
92.93,156.969
92.9557,157.182
92.9813,157.544
93.007,156.984
93.0327,157.704
93.0583,157.403
93.084,157.36
93.1097,156.864
93.1353,158.175
93.161,157.068
93.1867,157.81
93.2123,156.899
93.238,157.439
93.2636,157.086
93.2893,158.118
93.315,156.579
93.3406,158.225
93.3663,156.333
93.392,158.367
93.4176,156.378
93.4433,157.867
93.469,157.027
93.4946,157.951
93.5203,156.536
93.546,158.228
93.5717,156.789
93.5973,158.745
93.623,156.42
93.6487,157.759
93.6743,156.984
93.6744,158.36
93.7256,156.563
93.7513,157.351
93.777,157.061
93.8026,158.012
93.8283,156.729
93.854,157.732
93.8796,157.599
93.9053,157.754
93.9309,157.472
93.9566,157.17
93.9822,157.916
94.0079,157.301
94.0336,157.841
94.0592,157.657
94.0849,158.175
94.1105,157.794
94.1362,158.611
94.1619,157.415
94.1875,158.672
94.2132,157.266
94.2389,158.859
94.2645,157.722
94.2902,158.765
94.3159,157.38
94.3415,158.622
94.3672,157.175
94.3928,159.175
94.4185,157.211
94.4442,158.952
94.4698,157.6344
94.4955,156.157
94.5211,157.974
94.5468,157.878
94.5725,157.121
94.5981,158.282
94.6238,157.105
94.6494,158.575
94.6751,157.258
94.7008,158.78
94.7264,157.502
94.7521,158.044
94.7778,158.157
94.8034,158.08
94.8291,158.133
94.8548,158.074
94.8804,158.095
94.9061,158.484
94.9317,158.142
94.9574,158.214
94.9831,159.345
95.0087,157.435
95.0344,158.224
95.0601,157.877
95.0857,158.785
95.1114,157.259
95.1371,159.127
95.1627,157.161
95.1884,159.269
95.2141,157.587
95.2397,158.925
95.2654,157.721
95.2911,158.948
95.3167,157.24
95.3424,159.004
95.3681,157.308
95.3937,158.2536
95.4194,157.588
95.445,159.281
95.4707,158.087
95.4964,158.727
95.522,157.885
95.5477,158.781
95.5734,157.634
95.599,159.191
95.6247,157.775
95.6504,158.916
95.676,158.3
95.7017,158.418
95.7274,158.513
95.753,157.909
95.7787,158.579
95.8044,158.632
95.83,158.53
95.8557,158.499
95.8814,158.466
95.907,158.218
95.9327,159.15
95.9584,157.606
95.984,159.205
96.0097,157.255
96.0353,158.676
96.061,158.123
96.0867,159.109
96.1123,157.538
96.138,158.695
96.1637,157.567
96.1893,157.887
96.215,157.102
96.2406,158.646
96.2663,157.425
96.292,159.246
96.3176,157.06
96.3433,159.246
96.369,157.564
96.3946,159.092
96.4203,157.761
96.4459,158.514
96.4716,158.041
96.4973,158.892
96.5229,157.433
96.5486,158.785
96.5743,157.645
96.5999,158.674
96.6256,157.846
96.6513,158.283
96.6769,159.075
96.7026,158.264
96.7282,158.268
96.7539,158.171
96.7796,158.305
96.8052,158.095
96.8309,158.237
96.8566,157.727
96.8822,158.931
96.9079,157.72
96.9335,156.4496
96.9592,157.1398
96.9849,157.2654
97.0105,157.995
97.0362,157.747
97.0618,157.156
97.0875,158.103
97.1132,156.004
97.1388,157.91
97.1645,157.636
97.1902,158.228
97.2158,156.751
97.2415,158.606
97.2671,156.541
97.2928,158.727
97.3185,156.817
97.3441,158.365
97.3698,157.127
97.3955,158.154
97.4211,157.545
97.4468,158.461
97.4724,157.407
97.4981,158.461
97.5237,156.767
97.5494,158.043
97.5751,157.229
97.6007,157.817
97.6264,158.128
97.6521,157.664
97.6777,158.115
97.7034,157.944
97.7291,157.755
97.7547,157.959
97.7804,157.854
97.8061,157.012
97.8317,157.969
97.8574,157.63
97.8831,158.312
97.9087,157.476
97.9344,158.466
97.96,157.085
97.9857,159.123
98.0114,156.98
98.037,158.904
98.0627,157.327
98.0884,158.76
98.114,157.582
98.1397,158.465
98.1653,157.144
98.191,158.94
98.2167,156.692
98.2424,158.132
98.268,156.77
98.2937,158.669
98.3193,157.327
98.345,158.028
98.3707,157.387
98.3963,158.315
98.422,157.564
98.4477,158.723
98.4733,157.613
98.499,158.686
98.5246,157.659
98.5503,157.784
98.576,158.085
98.6016,157.722
98.6273,158.034
98.653,158.047
98.6786,157.869
98.7043,157.296
98.73,158.667
98.7556,157.509
98.7813,158.319
98.8069,158.22
98.8326,158.497
98.8583,157.57
98.8839,158.75
98.9096,157.153
98.9353,159.316
98.9609,157.373
98.9866,158.12279999999998
99.0123,157.578
99.0379,158.794
99.0636,157.553
99.0893,158.997
99.1149,157.317
99.1406,159.16
99.1662,157.101
99.1919,159.308
99.2176,157.132
99.2432,158.936
99.2689,158.055
99.2946,158.248
99.3202,156.976
99.3459,158.677
99.3716,158.138
99.3972,158.26
99.4229,158.312
99.4486,157.09
99.4742,157.53360000000004
99.4999,157.625
99.5255,157.143
99.5512,157.498
99.5769,157.288
99.6025,157.388
99.6282,157.654
99.6538,157.089
99.6795,157.985
99.7052,156.933
99.7308,157.414
99.7565,157.516
99.7821,158.083
99.8078,157.084
99.8335,158.275
99.8591,157.041
99.8848,158.9
99.9105,156.572
99.9361,158.42
99.9618,157.444
99.9875,158.508
100.0132,157.325
100.0388,158.413
100.0645,157.119
100.0901,158.954
100.1158,156.855
100.1414,158.763
100.1671,157.201
100.1928,158.299
100.2184,157.197
100.2441,158.358
100.2698,157.896
100.2954,158.229
100.3211,156.905
100.3467,158.133
100.3724,158.047
100.398,158.16
100.4237,157.895
100.4494,158.177
100.475,157.718
100.5007,158.22
100.5263,157.885
100.552,158.07
100.5777,158.947
100.6033,157.423
100.629,158.562
100.6546,157.585
100.6803,158.555
100.706,157.89
100.7316,158.484
100.7573,157.62
100.7829,158.861
100.8086,156.805
100.8343,158.455
100.8599,157.464
100.8856,158.892
100.9113,157.078
100.9369,158.1112
100.9626,157.853
100.9883,159.401
101.0139,157.332
101.0396,158.79
101.0652,157.705
101.0909,158.602
101.1166,157.856
101.1422,158.926
101.1679,157.762
101.1935,158.931
101.2192,157.333
101.2449,158.746
101.2705,158.172
101.2962,158.484
101.3219,158.215
101.3475,158.233
101.3732,158.21
101.3989,158.461
101.4245,158.132
101.4502,158.552
101.4759,158.276
101.5015,157.967
101.5272,158.624
101.5529,157.567
101.5785,158.912
101.6042,157.323
101.6298,158.445
101.6555,157.916
101.6811,158.942
101.7068,158.017
101.7325,159.301
101.7581,157.526
101.7838,159.362
101.8095,156.993
101.8351,159.387
101.8608,158.167
101.8864,159.057
101.9121,157.584
101.9378,158.619
