t,F
0.821400,157.917000
0.847000,157.680000
0.872700,158.850000
0.898400,157.479000
0.924100,158.705000
0.949700,156.572000
0.975400,158.857000
1.001100,157.290000
1.026700,158.561000
1.052400,157.577000
1.078100,158.622000
1.103700,157.157000
1.129400,158.780000
1.155100,157.050000
1.180700,158.938000
1.206400,157.092000
1.232100,158.855000
1.257700,157.928000
1.283400,158.632000
1.309100,157.379000
1.334700,158.304000
1.360400,157.623000
1.386000,158.574000
1.411700,156.983000
1.437400,158.460000
1.463000,157.554000
1.488700,158.123000
1.514300,157.674000
1.540000,157.631000
1.565700,158.092000
1.591300,157.956000
1.617000,157.391000
1.642600,157.492000
1.668300,158.852000
1.694000,157.772000
1.719600,158.236000
1.745300,157.798000
1.771000,158.324000
1.796600,157.922000
1.822300,158.610000
1.848000,157.265000
1.873600,159.603000
1.899300,157.622000
1.925000,159.128000
1.950600,157.149000
1.976300,159.078000
2.002000,157.861000
2.027600,158.520000
2.053300,157.680000
2.079000,159.566000
2.104600,157.354000
2.130300,158.927000
2.156000,156.946000
2.181600,159.261000
2.207300,157.792000
2.232900,158.454000
2.258600,157.863000
2.284300,158.972000
2.309900,157.804000
2.335600,158.661000
2.361300,157.651000
2.386900,158.284000
2.412600,157.885000
2.438200,158.325000
2.463900,157.796000
2.489600,158.540000
2.515200,157.509000
2.540900,157.505000
2.566500,158.030000
2.592200,158.031000
2.617900,158.768000
2.643500,157.509000
2.669200,158.548000
2.694900,158.145000
2.720500,158.185000
2.746200,157.376000
2.771800,158.460000
2.797500,154.081000
2.823200,153.698000
2.848800,157.562000
2.874500,158.441000
2.900200,156.786000
2.925800,157.905000
2.951500,157.064000
2.977200,158.247000
3.002800,156.821000
3.028500,158.308000
3.054200,156.699000
3.079800,159.002000
3.105500,156.667000
3.131100,157.723000
3.156800,156.932000
3.182500,158.948000
3.208100,156.818000
3.233800,158.329000
3.259400,157.262000
3.285100,158.365000
3.310800,157.897000
3.336400,157.937000
3.362100,157.665000
3.387800,158.363000
3.413400,157.350000
3.439100,158.309000
3.464800,157.812000
3.490400,157.422000
3.516100,157.828000
3.541800,158.062000
3.567400,158.071000
3.593100,158.012000
3.618800,158.952000
3.644400,157.906000
3.670100,159.101000
3.695800,157.546000
3.721400,158.764000
3.747100,157.085000
3.772800,158.219000
3.798400,157.742000
3.824100,158.411000
3.849800,157.409000
3.875400,159.442000
3.901100,156.982000
3.926800,158.999000
3.952500,157.040000
3.978100,158.893000
4.003800,157.602000
4.029500,158.410000
4.055100,157.498000
4.080800,158.885000
4.106500,157.203000
4.132200,158.847000
4.157800,157.246000
4.183500,159.008000
4.209200,157.775000
4.234900,158.185000
4.260500,158.343000
4.286200,158.770000
4.311900,158.359000
4.337500,158.379000
4.363200,157.948000
4.388900,158.757000
4.414500,157.827000
4.440200,157.921000
4.465900,158.549000
4.491500,157.737000
4.517200,158.668000
4.542900,157.689000
4.568600,158.296000
4.594200,157.504000
4.619900,158.784000
4.645600,157.516000
4.671200,159.167000
4.696900,157.748000
4.722600,158.539000
4.748200,157.980000
4.773900,159.127000
4.799600,157.349000
4.825200,159.062000
4.850900,157.075000
4.876600,158.757000
4.902200,157.651000
4.927900,158.934000
4.953600,157.640000
4.979200,159.494000
5.004900,157.189000
5.030600,159.046000
5.056200,157.917000
5.081900,158.835000
5.107600,157.971000
5.133300,158.615000
5.158900,157.926000
5.184600,158.971000
5.210300,157.707000
5.235900,159.026000
5.261600,157.976000
5.287300,157.089000
5.312900,151.976000
5.338600,157.339000
5.364200,157.484000
5.389900,157.276000
5.415600,157.776000
5.441300,157.314000
5.466900,158.357000
5.492600,157.383000
5.518300,157.985000
5.544000,157.577000
5.569600,158.163000
5.595300,157.548000
5.621000,158.376000
5.646600,157.493000
5.672300,159.319000
5.698000,156.622000
5.723700,158.736000
5.749300,157.003000
5.775000,158.448000
5.800700,157.423000
5.826400,158.571000
5.852000,157.414000
5.877700,158.947000
5.903400,156.868000
5.929000,159.038000
5.954700,157.115000
5.980400,159.023000
6.006100,157.480000
6.031700,158.354000
6.057400,157.909000
6.083100,158.451000
6.108700,157.767000
6.134400,158.972000
6.160000,157.666000
6.185700,158.608000
6.211400,157.628000
6.237000,157.973000
6.262700,158.027000
6.288300,158.580000
6.314000,158.271000
6.339700,158.043000
6.365300,158.362000
6.391000,157.565000
6.416700,158.753000
6.442300,157.792000
6.468000,158.928000
6.493700,157.990000
6.519400,158.400000
6.545000,157.732000
6.570700,158.974000
6.596400,157.228000
6.622000,158.949000
6.647700,157.261000
6.673400,159.526000
6.699000,157.439000
6.724700,158.829000
6.750400,157.144000
6.776000,159.346000
6.801700,157.178000
6.827400,159.124000
6.853000,158.095000
6.878700,158.941000
6.904400,158.151000
6.930000,159.182000
6.955700,157.645000
6.981400,159.155000
7.007100,157.351000
7.032700,159.180000
7.058400,158.301000
7.084100,158.715000
7.109700,158.289000
7.135400,158.187000
7.161100,158.391000
7.186700,158.539000
7.212400,157.852000
7.238100,158.572000
7.263800,158.485000
7.289400,157.825000
7.315100,158.271000
7.340800,158.116000
7.366400,158.373000
7.392100,158.027000
7.417800,158.655000
7.443400,157.492000
7.469100,159.351000
7.494800,157.344000
7.520500,159.268000
7.546100,158.127000
7.571800,159.005000
7.597500,157.852000
7.623100,158.852000
7.648800,157.590000
7.674500,159.592000
7.700100,157.236000
7.725800,159.571000
7.751500,157.242000
7.777100,158.654000
7.802800,152.529000
7.828500,155.564000
7.854100,158.048000
7.879800,158.335000
7.905500,156.858000
7.931100,158.773000
7.956800,156.861000
7.982500,158.362000
8.008100,157.228000
8.033800,157.723000
8.059500,157.188000
8.085100,158.506000
8.110800,157.500000
8.136500,158.122000
8.162100,158.332000
8.187800,157.502000
8.213500,158.025000
8.239100,158.235000
8.264800,158.196000
8.290500,157.979000
8.316100,158.192000
8.341800,158.077000
8.367500,158.520000
8.393100,157.380000
8.418800,159.124000
8.444500,157.525000
8.470100,159.071000
8.495800,157.810000
8.521500,158.634000
8.547200,157.120000
8.572800,159.138000
8.598500,157.280000
8.624200,159.066000
8.649800,158.241000
8.675500,158.790000
8.701200,156.953000
8.726900,159.378000
8.752500,158.003000
8.778200,159.190000
8.803900,157.287000
8.829500,159.106000
8.855200,157.859000
8.880900,158.645000
8.906600,158.431000
8.932200,158.753000
8.957900,157.804000
8.983600,158.977000
9.009200,157.879000
9.034900,158.888000
9.060600,158.394000
9.086200,158.459000
9.111900,158.205000
9.137600,157.954000
9.163200,158.688000
9.188900,158.221000
9.214600,158.469000
9.240200,158.340000
9.265900,158.462000
9.291600,158.236000
9.317200,158.872000
9.342900,157.760000
9.368600,159.368000
9.394200,157.590000
9.419900,159.396000
9.445600,157.850000
9.471200,158.806000
9.496900,157.873000
9.522600,159.231000
9.548200,157.083000
9.573900,159.036000
9.599600,157.914000
9.625300,158.945000
9.650900,157.680000
9.676600,159.134000
9.702300,157.148000
9.728000,159.605000
9.753700,157.499000
9.779300,158.989000
9.805000,157.914000
9.830700,158.887000
9.856300,157.968000
9.882000,158.588000
9.907700,158.274000
9.933400,159.272000
9.959000,157.863000
9.984700,159.031000
10.010400,158.254000
10.036100,158.373000
10.061700,159.015000
10.087400,158.332000
10.113100,158.629000
10.138700,158.054000
10.164400,158.748000
10.190100,158.658000
10.215800,158.717000
10.241400,158.514000
10.267100,159.116000
10.292800,154.457000
10.318500,153.621000
10.344100,157.742000
10.369800,158.318000
10.395500,157.124000
10.421200,158.132000
10.446800,156.538000
10.472500,158.835000
10.498200,157.133000
10.523900,158.557000
10.549500,157.159000
10.575200,158.423000
10.600900,157.128000
10.626600,158.845000
10.652200,156.766000
10.677900,158.941000
10.703600,156.995000
10.729300,158.954000
10.754900,157.501000
10.780600,158.468000
10.806300,157.851000
10.832000,158.587000
10.857600,157.739000
10.883300,158.701000
10.909000,157.538000
10.934700,158.714000
10.960300,157.835000
10.986000,157.653000
11.011700,157.640000
11.037300,158.483000
11.063000,158.055000
11.088700,157.526000
11.114300,158.425000
11.140000,158.355000
11.165700,158.179000
11.191400,157.839000
11.217000,159.058000
11.242700,157.806000
11.268400,159.233000
11.294100,157.391000
11.319700,159.273000
11.345400,157.673000
11.371100,158.576000
11.396700,156.782000
11.422400,159.095000
11.448100,157.265000
11.473800,159.090000
11.499400,157.820000
11.525100,159.084000
11.550800,157.523000
11.576500,159.161000
11.602100,157.437000
11.627800,159.566000
11.653500,157.407000
11.679100,158.536000
11.704800,157.445000
11.730500,159.335000
11.756200,157.655000
11.781800,158.961000
11.807500,157.897000
11.833200,158.487000
11.858800,158.468000
11.884500,158.280000
11.910200,158.359000
11.935900,158.321000
11.961600,157.889000
11.987200,158.370000
12.012900,158.530000
12.038600,158.199000
12.064200,158.935000
12.089900,157.506000
12.115600,159.055000
12.141200,157.950000
12.166900,158.989000
12.192600,158.282000
12.218200,159.231000
12.243900,158.163000
12.269600,159.382000
12.295300,157.125000
12.320900,159.086000
12.346600,157.756000
12.372300,158.898000
12.397900,156.991000
12.423600,159.354000
12.449300,157.283000
12.475000,159.342000
12.500600,157.311000
12.526300,159.260000
12.552000,157.593000
12.577700,158.558000
12.603300,157.857000
12.629000,159.137000
12.654700,157.600000
12.680300,159.015000
12.706000,157.478000
12.731700,159.092000
12.757400,158.212000
12.783000,157.121000
12.808700,151.255000
12.834400,157.787000
12.860000,157.713000
12.885700,157.527000
12.911400,157.655000
12.937000,157.390000
12.962700,157.733000
12.988400,157.195000
13.014000,157.666000
13.039700,158.032000
13.065400,158.021000
13.091100,157.584000
13.116700,158.714000
13.142400,157.347000
13.168100,158.951000
13.193700,157.136000
13.219400,158.835000
13.245100,157.514000
13.270700,158.696000
13.296400,157.617000
13.322100,158.889000
13.347700,156.967000
13.373400,158.950000
13.399100,156.931000
13.424700,159.332000
13.450400,156.901000
13.476100,158.745000
13.501700,157.774000
13.527400,158.478000
13.553100,156.765000
13.578800,158.439000
13.604400,157.655000
13.630100,158.893000
13.655800,157.763000
13.681400,158.061000
13.707100,157.714000
13.732800,158.814000
13.758400,157.996000
13.784100,159.343000
13.809800,158.206000
13.835400,158.734000
13.861100,159.336000
13.886800,157.875000
13.912500,158.595000
13.938100,157.768000
13.963800,157.836000
13.989400,157.472000
14.015100,159.047000
14.040700,157.287000
14.066400,158.556000
14.092100,157.633000
14.117700,158.536000
14.143400,157.454000
14.169100,158.803000
14.194700,157.095000
14.220400,159.071000
14.246100,156.729000
14.271700,159.247000
14.297400,157.215000
14.323100,158.646000
14.348700,156.860000
14.374400,159.294000
14.400100,157.395000
14.425800,158.956000
14.451400,157.732000
14.477100,158.778000
14.502800,158.185000
14.528400,159.051000
14.554100,157.785000
14.579800,159.049000
14.605500,157.505000
14.631100,158.741000
14.656800,157.865000
14.682500,158.111000
14.708100,158.602000
14.733800,158.047000
14.759400,158.096000
14.785100,158.157000
14.810800,158.085000
14.836400,158.608000
14.862100,158.390000
14.887800,157.596000
14.913400,158.917000
14.939100,157.663000
14.964800,158.823000
14.990400,157.299000
15.016100,158.997000
15.041800,158.126000
15.067400,158.920000
15.093100,157.739000
15.118800,159.340000
15.144400,157.878000
15.170100,159.240000
15.195800,156.978000
15.221400,158.713000
15.247100,156.832000
15.272800,158.510000
15.298400,153.028000
15.324100,155.269000
15.349800,157.131000
15.375500,157.818000
15.401100,156.862000
15.426800,157.852000
15.452500,156.890000
15.478100,157.966000
15.503800,157.011000
15.529500,158.565000
15.555100,156.721000
15.580800,158.071000
15.606500,157.457000
15.632100,157.889000
15.657800,157.612000
15.683500,157.309000
15.709100,157.811000
15.734800,158.230000
15.760500,157.461000
15.786100,157.944000
15.811800,158.068000
15.837400,157.775000
15.863100,158.236000
15.888800,156.956000
15.914400,159.020000
15.940100,157.642000
15.965800,158.245000
15.991400,157.466000
16.017100,158.692000
16.042800,157.331000
16.068400,158.677000
16.094100,157.014000
16.119700,159.336000
16.145400,157.200000
16.171100,158.967000
16.196700,157.052000
16.222400,158.693000
16.248000,157.349000
16.273700,158.485000
16.299400,157.415000
16.325000,158.984000
16.350700,156.992000
16.376400,158.775000
16.402000,157.150000
16.427700,158.945000
16.453300,157.788000
16.479000,158.026000
16.504700,158.073000
16.530300,158.364000
16.556000,157.136000
16.581700,158.007000
16.607300,158.661000
16.633000,158.303000
16.658600,157.938000
16.684300,158.066000
16.710000,158.347000
16.735600,158.377000
16.761300,158.199000
16.786900,157.832000
16.812600,158.830000
16.838300,157.330000
16.863900,158.832000
16.889600,157.228000
16.915300,158.889000
16.940900,157.978000
16.966600,158.551000
16.992300,157.579000
17.017900,159.141000
17.043600,157.122000
17.069200,158.957000
17.094900,157.081000
17.120600,159.291000
17.146200,157.428000
17.171900,158.868000
17.197500,157.793000
17.223200,159.337000
17.248800,158.006000
17.274500,158.705000
17.300200,157.403000
17.325800,159.154000
17.351500,156.644000
17.377200,158.759000
17.402800,157.881000
17.428500,159.055000
17.454200,157.629000
17.479800,158.492000
17.505500,157.720000
17.531200,158.330000
17.556800,158.253000
17.582500,158.046000
17.608200,158.716000
17.633800,158.417000
17.659500,158.278000
17.685200,158.199000
17.710900,158.598000
17.736500,158.294000
17.762200,159.305000
17.787800,154.800000
17.813500,153.176000
17.839200,157.718000
17.864800,157.759000
17.890500,156.974000
17.916200,158.023000
17.941800,157.047000
17.967500,158.014000
17.993200,156.743000
18.018900,159.100000
18.044500,156.448000
18.070200,158.385000
18.095900,156.946000
18.121500,158.252000
18.147200,156.520000
18.172800,158.662000
18.198500,156.957000
18.224200,158.201000
18.249800,156.757000
18.275500,158.732000
18.301200,157.236000
18.326800,158.497000
18.352500,157.667000
18.378200,158.151000
18.403900,157.899000
18.429500,158.320000
18.455200,157.911000
18.480900,158.338000
18.506600,157.611000
18.532200,158.580000
18.557900,157.919000
18.583600,157.918000
18.609300,158.886000
18.634900,157.563000
18.660600,158.305000
18.686300,157.470000
18.711900,158.422000
18.737600,158.063000
18.763300,158.370000
18.789000,157.757000
18.814600,159.169000
18.840300,157.501000
18.866000,159.302000
18.891600,157.439000
18.917300,159.333000
18.943000,157.502000
18.968600,159.005000
18.994300,158.519000
19.020000,159.172000
19.045600,157.523000
19.071300,159.627000
19.097000,157.524000
19.122600,159.496000
19.148300,157.374000
19.174000,159.066000
19.199700,157.991000
19.225300,158.743000
19.251000,158.288000
19.276700,158.804000
19.302300,157.543000
19.328000,158.866000
19.353700,157.550000
19.379300,158.800000
19.405000,158.344000
19.430700,158.470000
19.456300,158.631000
19.482000,158.108000
19.507600,158.595000
19.533300,158.332000
19.559000,158.150000
19.584600,157.978000
19.610300,158.302000
19.636000,157.857000
19.661700,158.652000
19.687300,157.605000
19.713000,159.458000
19.738700,157.545000
19.764300,158.586000
19.790000,157.751000
19.815600,158.804000
19.841300,157.761000
19.867000,159.079000
19.892600,157.486000
19.918300,159.702000
19.944000,157.378000
19.969600,159.174000
19.995300,157.508000
20.021000,158.948000
20.046600,158.115000
20.072300,159.178000
20.098000,158.033000
20.123600,159.220000
20.149300,157.494000
20.175000,159.285000
20.200600,157.580000
20.226300,158.793000
20.252000,157.897000
20.277600,157.397000
20.303300,151.847000
20.329000,156.946000
20.354700,157.077000
20.380300,157.282000
20.406000,157.789000
20.431700,157.585000
20.457300,157.816000
20.483000,157.682000
20.508700,157.451000
20.534400,157.852000
20.560000,157.490000
20.585700,157.210000
20.611400,158.209000
20.637000,156.997000
20.662700,158.350000
20.688400,157.036000
20.714100,158.452000
20.739700,157.283000
20.765400,158.057000
20.791100,156.731000
20.816800,158.618000
20.842400,157.170000
20.868100,158.456000
20.893800,157.564000
20.919400,158.780000
20.945100,157.338000
20.970800,159.129000
20.996400,157.033000
21.022100,158.319000
21.047800,157.592000
21.073400,159.134000
21.099100,157.355000
21.124800,158.975000
21.150400,157.167000
21.176100,158.533000
21.201800,157.981000
21.227500,158.337000
21.253100,157.996000
21.278800,158.280000
21.304500,157.892000
21.330100,158.448000
21.355800,157.478000
21.381500,158.422000
21.407100,158.552000
21.432800,157.683000
21.458500,158.141000
21.484100,158.154000
21.509800,158.468000
21.535500,157.946000
21.561100,158.897000
21.586800,157.639000
21.612500,159.535000
21.638100,157.686000
21.663800,159.074000
21.689500,157.712000
21.715200,158.708000
21.740800,157.664000
21.766500,158.980000
21.792200,157.754000
21.817800,159.599000
21.843500,157.018000
21.869200,159.106000
21.894800,157.478000
21.920500,158.743000
21.946200,157.462000
21.971800,159.238000
21.997500,157.465000
22.023200,159.090000
22.048800,158.142000
22.074500,158.707000
22.100200,158.047000
22.125800,158.896000
22.151500,157.671000
22.177200,159.403000
22.202800,157.786000
22.228500,158.370000
22.254200,158.137000
22.279800,158.202000
22.305500,158.029000
22.331200,158.925000
22.356800,158.247000
22.382500,158.005000
22.408200,159.130000
22.433800,157.904000
22.459500,159.010000
22.485200,157.931000
22.510800,158.893000
22.536500,158.054000
22.562200,158.637000
22.587900,157.579000
22.613500,159.079000
22.639200,157.328000
22.664900,158.971000
22.690500,157.149000
22.716200,159.150000
22.741900,157.350000
22.767600,158.816000
22.793200,153.297000
22.818900,154.965000
22.844600,157.509000
22.870200,158.310000
22.895900,156.285000
22.921600,158.556000
22.947200,156.840000
22.972900,158.057000
22.998600,157.386000
23.024200,158.136000
23.049900,157.264000
23.075600,158.775000
23.101200,157.314000
23.126900,158.618000
23.152600,157.142000
23.178200,158.317000
23.203900,157.991000
23.229600,158.265000
23.255300,158.359000
23.280900,158.220000
23.306600,158.339000
23.332200,157.954000
23.357900,157.862000
23.383600,157.391000
23.409200,158.502000
23.434900,157.672000
23.460600,158.261000
23.486200,157.929000
23.511900,158.561000
23.537600,157.355000
23.563200,158.979000
23.588900,157.189000
23.614600,159.205000
23.640200,157.117000
23.665900,159.052000
23.691500,157.357000
23.717200,158.513000
23.742900,157.604000
23.768500,158.843000
23.794200,156.822000
23.819900,158.617000
23.845500,157.833000
23.871200,158.905000
23.896800,157.678000
23.922500,159.086000
23.948200,157.423000
23.973800,159.299000
23.999500,157.678000
24.025200,158.640000
24.050800,157.993000
24.076500,159.327000
24.102200,159.787000
24.127800,159.134000
24.153500,158.362000
24.179200,158.844000
24.204800,158.007000
24.230500,157.530000
24.256200,158.664000
24.281800,158.547000
24.307500,158.437000
24.333100,158.198000
24.358800,158.485000
24.384500,158.092000
24.410100,158.925000
24.435800,157.401000
24.461500,159.517000
24.487100,157.601000
24.512800,158.969000
24.538500,157.680000
24.564100,158.990000
24.589800,157.947000
24.615500,159.252000
24.641100,157.140000
24.666800,159.679000
24.692500,157.287000
24.718100,159.549000
24.743800,157.523000
24.769500,158.969000
24.795100,157.922000
24.820800,158.786000
24.846500,157.870000
24.872200,159.413000
24.897800,157.671000
24.923500,159.320000
24.949200,157.890000
24.974800,159.111000
25.000500,158.452000
25.026200,158.288000
25.051800,158.505000
25.077500,158.436000
25.103200,158.228000
25.128800,158.634000
25.154500,158.194000
25.180200,158.076000
25.205800,159.185000
25.231500,158.729000
25.257200,158.548000
25.282800,155.669000
25.308500,152.320000
25.334200,157.872000
25.359800,158.565000
25.385500,156.696000
25.411100,158.206000
25.436800,156.811000
25.462500,158.544000
25.488100,157.147000
25.513800,158.003000
25.539500,157.165000
25.565100,158.506000
25.590800,156.820000
25.616500,158.839000
25.642100,156.733000
25.667800,158.958000
25.693500,157.015000
25.719100,158.443000
25.744800,157.545000
25.770500,158.608000
25.796100,157.633000
25.821800,158.930000
25.847500,157.519000
25.873100,159.133000
25.898800,157.275000
25.924500,158.706000
25.950100,158.151000
25.975800,158.114000
26.001500,157.525000
26.027200,158.573000
26.052800,158.149000
26.078500,157.978000
26.104200,158.405000
26.129800,157.702000
26.155500,158.201000
26.181200,158.189000
26.206800,158.222000
26.232500,158.193000
26.258200,158.567000
26.283800,157.932000
26.309500,159.236000
26.335100,157.331000
26.360800,159.313000
26.386500,157.667000
26.412100,159.002000
26.437800,158.023000
26.463500,159.157000
26.489100,157.693000
26.514800,158.977000
26.540500,157.147000
26.566100,159.333000
26.591800,157.080000
26.617500,159.420000
26.643100,157.673000
26.668800,159.119000
26.694400,158.017000
26.720100,158.849000
26.745800,157.683000
26.771400,159.326000
26.797100,157.722000
26.822800,159.121000
26.848400,157.527000
26.874100,158.792000
26.899800,158.206000
26.925400,158.565000
26.951100,158.825000
26.976700,158.694000
27.002400,158.421000
27.028100,158.473000
27.053700,158.058000
27.079400,158.094000
27.105000,158.675000
27.130700,158.105000
27.156400,158.565000
27.182000,158.582000
27.207700,158.840000
27.233400,157.897000
27.259000,159.341000
27.284700,157.485000
27.310300,159.456000
27.336000,157.409000
27.361600,158.884000
27.387300,157.641000
27.413000,158.859000
27.438600,157.496000
27.464300,159.017000
27.489900,157.329000
27.515600,159.490000
27.541300,157.236000
27.566900,158.829000
27.592600,157.644000
27.618200,159.258000
27.643900,157.304000
27.669600,159.290000
27.695200,157.678000
27.720900,159.016000
27.746600,158.180000
27.772200,157.852000
27.797900,152.079000
27.823500,157.152000
27.849200,157.636000
27.874900,158.345000
27.900500,157.035000
27.926200,157.862000
27.951800,157.557000
27.977500,157.569000
28.003200,158.078000
28.028800,157.545000
28.054500,158.049000
28.080100,157.913000
28.105800,158.068000
28.131500,157.908000
28.157100,158.486000
28.182800,157.702000
28.208400,158.730000
28.234100,157.355000
28.259800,159.278000
28.285500,157.239000
28.311100,158.541000
28.336800,156.055000
28.362500,158.875000
28.388100,157.299000
28.413800,158.854000
28.439500,157.331000
28.465100,158.862000
28.490800,157.598000
28.516500,158.713000
28.542100,156.958000
28.567800,159.014000
28.593400,156.847000
28.619100,158.744000
28.644800,157.141000
28.670400,158.739000
28.696100,157.686000
28.721800,158.174000
28.747400,157.636000
28.773100,158.844000
28.798800,157.861000
28.824400,158.601000
28.850100,157.713000
28.875800,158.809000
28.901400,158.351000
28.927100,157.542000
28.952800,157.923000
28.978400,158.690000
29.004100,158.448000
29.029700,157.571000
29.055400,158.991000
29.081100,157.881000
29.106700,158.869000
29.132400,157.576000
29.158100,158.730000
29.183700,158.181000
29.209400,159.525000
29.235100,158.407000
29.260700,159.558000
29.286400,156.978000
29.312100,158.804000
29.337700,157.742000
29.363400,159.216000
29.389100,157.100000
29.414700,159.248000
29.440400,157.117000
29.466100,159.527000
29.491700,157.515000
29.517400,158.794000
29.543100,157.804000
29.568700,158.580000
29.594400,157.543000
29.620100,158.939000
29.645700,157.121000
29.671400,158.728000
29.697100,158.343000
29.722700,158.381000
29.748400,157.830000
29.774000,159.151000
29.799700,157.780000
29.825400,158.217000
29.851000,157.981000
29.876700,158.222000
29.902400,158.962000
29.928000,157.700000
29.953700,158.390000
29.979400,158.239000
30.005000,158.593000
30.030700,158.043000
30.056400,159.066000
30.082000,157.565000
30.107700,158.849000
30.133400,157.073000
30.159000,159.449000
30.184700,157.707000
30.210300,158.882000
30.236000,157.756000
30.261700,159.222000
30.287300,153.365000
30.313000,154.780000
30.338600,157.364000
30.364300,158.436000
30.390000,155.688000
30.415600,158.074000
30.441300,156.798000
30.467000,158.265000
30.492600,157.275000
30.518300,157.943000
30.543900,156.882000
30.569600,158.732000
30.595300,157.009000
30.620900,158.306000
30.646600,157.075000
30.672200,158.683000
30.697900,157.918000
30.723600,157.748000
30.749200,158.011000
30.774900,157.956000
30.800500,157.705000
30.826200,157.808000
30.851900,157.575000
30.877500,158.189000
30.903200,158.111000
30.928900,157.368000
30.954500,158.708000
30.980200,157.223000
31.005900,158.729000
31.031500,157.450000
31.057200,158.613000
31.082900,157.704000
31.108500,158.241000
31.134200,157.198000
31.159900,158.812000
31.185500,156.726000
31.211200,158.986000
31.236900,157.198000
31.262500,159.294000
31.288200,157.588000
31.313900,158.612000
31.339500,157.806000
31.365200,159.189000
31.390900,157.717000
31.416500,159.025000
31.442200,157.224000
31.467900,159.285000
31.493500,157.488000
31.519200,158.229000
31.544800,157.604000
31.570500,158.047000
31.596200,157.704000
31.621800,158.307000
31.647500,157.826000
31.673200,158.604000
31.698900,157.553000
31.724500,158.227000
31.750200,158.437000
31.775900,158.042000
31.801500,158.573000
31.827200,157.449000
31.852900,158.844000
31.878600,158.407000
31.904200,158.418000
31.929900,158.053000
31.955500,158.781000
31.981200,157.536000
32.006900,158.964000
32.032600,157.134000
32.058200,159.656000
32.083900,157.250000
32.109500,158.939000
32.135200,157.485000
32.160900,158.740000
32.186500,157.730000
32.212200,159.036000
32.237900,157.204000
32.263500,159.339000
32.289200,157.288000
32.314900,159.091000
32.340500,157.361000
32.366200,158.912000
32.391900,157.866000
32.417500,158.173000
32.443200,157.580000
32.468900,158.886000
32.494600,157.456000
32.520200,158.710000
32.545900,157.729000
32.571600,158.347000
32.597200,158.112000
32.622900,158.068000
32.648600,158.529000
32.674200,158.151000
32.699900,158.104000
32.725600,158.225000
32.751200,158.340000
32.776900,156.065000
32.802600,152.210000
32.828200,157.278000
32.853900,158.226000
32.879600,156.845000
32.905200,158.130000
32.930900,157.015000
32.956500,158.153000
32.982200,157.374000
33.007900,157.964000
33.033500,156.809000
33.059200,158.880000
33.084900,156.673000
33.110500,158.593000
33.136200,156.606000
33.161800,158.721000
33.187500,157.121000
33.213200,158.105000
33.238800,157.530000
33.264500,158.898000
33.290100,156.751000
33.315800,157.851000
33.341400,156.822000
33.367100,158.913000
33.392800,157.405000
33.418500,158.267000
33.444100,157.769000
33.469800,158.037000
33.495400,157.801000
33.521100,158.081000
33.546800,157.379000
33.572500,158.592000
33.598100,157.697000
33.623800,157.869000
33.649500,158.211000
33.675100,157.996000
33.700800,158.656000
33.726500,157.042000
33.752100,158.372000
33.777800,158.733000
33.803400,159.064000
33.829100,157.667000
33.854800,158.829000
33.880400,157.703000
33.906100,158.946000
33.931800,156.978000
33.957400,159.361000
33.983100,157.393000
34.008800,158.817000
34.034400,157.788000
34.060100,158.916000
34.085700,157.753000
34.111400,159.042000
34.137100,157.086000
34.162700,159.567000
34.188400,157.195000
34.214100,158.370000
34.239700,157.518000
34.265400,159.404000
34.291000,157.458000
34.316700,159.110000
34.342400,157.828000
34.368000,158.881000
34.393700,158.226000
34.419300,158.376000
34.445000,158.372000
34.470700,158.497000
34.496300,157.602000
34.522000,158.524000
34.547600,158.241000
34.573300,158.614000
34.599000,158.366000
34.624600,157.864000
34.650300,158.989000
34.675900,157.642000
34.701600,158.074000
34.727300,157.658000
34.752900,159.179000
34.778600,157.669000
34.804200,158.796000
34.829900,157.823000
34.855600,159.162000
34.881200,158.074000
34.906900,158.812000
34.932500,157.433000
34.958200,159.555000
34.983900,157.469000
35.009500,159.355000
35.035200,157.415000
35.060800,158.967000
35.086500,157.493000
35.112200,159.348000
35.137800,157.255000
35.163500,159.259000
35.189100,157.493000
35.214800,158.774000
35.240400,158.314000
35.266100,158.077000
35.291800,151.687000
35.317400,156.811000
35.343100,157.329000
35.368800,158.266000
35.394400,156.577000
35.420100,157.193000
35.445700,157.175000
35.471400,158.185000
35.497000,157.287000
35.522700,157.812000
35.548400,157.923000
35.574100,157.285000
35.599700,158.036000
35.625400,157.245000
35.651000,158.360000
35.676700,157.686000
35.702400,157.597000
35.728000,156.732000
35.753700,158.663000
35.779300,157.414000
35.805000,157.993000
35.830700,157.404000
35.856300,158.696000
35.882000,157.444000
35.907600,158.675000
35.933300,156.705000
35.959000,159.400000
35.984600,156.945000
36.010300,158.621000
36.035900,157.442000
36.061600,158.770000
36.087300,157.521000
36.112900,158.719000
36.138600,157.702000
36.164300,159.327000
36.189900,157.261000
36.215600,158.636000
36.241300,157.577000
36.266900,158.295000
36.292600,157.464000
36.318200,158.838000
36.343900,157.636000
36.369600,158.399000
36.395300,158.385000
36.420900,157.665000
36.446600,158.523000
36.472200,158.187000
36.497900,158.217000
36.523600,158.095000
36.549200,158.353000
36.574900,158.249000
36.600600,158.586000
36.626200,157.602000
36.651900,159.412000
36.677600,157.557000
36.703200,158.772000
36.728900,157.361000
36.754600,158.741000
36.780200,157.751000
36.805900,158.627000
36.831600,157.509000
36.857200,159.374000
36.882900,157.157000
36.908600,159.215000
36.934200,157.324000
36.959900,158.725000
36.985600,157.368000
37.011200,159.379000
37.036900,157.321000
37.062500,159.358000
37.088200,157.617000
37.113900,158.684000
37.139500,158.163000
37.165200,158.976000
37.190800,157.924000
37.216500,158.642000
37.242200,157.743000
37.267800,158.965000
37.293500,157.699000
37.319200,158.421000
37.344800,158.656000
37.370500,158.168000
37.396200,158.811000
37.421800,157.989000
37.447500,158.528000
37.473200,158.485000
37.498800,158.152000
37.524500,157.474000
37.550200,158.943000
37.575800,158.028000
37.601500,158.283000
37.627200,157.895000
37.652800,158.939000
37.678500,157.522000
37.704200,159.057000
37.729800,157.458000
37.755500,159.450000
37.781200,153.389000
37.806800,153.906000
37.832500,157.381000
37.858200,158.440000
37.883900,156.361000
37.909500,158.108000
37.935200,157.050000
37.960800,158.179000
37.986500,157.034000
38.012200,158.026000
38.037800,157.073000
38.063500,158.839000
38.089200,156.970000
38.114800,158.363000
38.140500,157.196000
38.166200,157.847000
38.191800,157.286000
38.217500,157.929000
38.243200,157.938000
38.268800,158.205000
38.294500,157.329000
38.320100,157.718000
38.345800,158.360000
38.371500,157.685000
38.397100,157.839000
38.422800,157.856000
38.448500,157.986000
38.474100,157.979000
38.499800,158.317000
38.525400,157.187000
38.551100,159.017000
38.576800,157.403000
38.602400,158.762000
38.628100,157.392000
38.653800,158.665000
38.679400,157.537000
38.705100,158.426000
38.730800,157.369000
38.756400,159.032000
38.782100,156.795000
38.807700,159.222000
38.833400,157.181000
38.859100,158.727000
38.884700,157.418000
38.910400,158.691000
38.936100,157.480000
38.961700,159.252000
38.987400,157.688000
39.013100,158.442000
39.038700,157.787000
39.064400,158.663000
39.090100,157.843000
39.115700,158.775000
39.141400,157.630000
39.167100,158.814000
39.192700,157.717000
39.218400,158.342000
39.244100,158.455000
39.269700,158.135000
39.295400,158.423000
39.321000,157.796000
39.346700,157.808000
39.372400,157.776000
39.398000,158.778000
39.423700,158.337000
39.449400,159.410000
39.475000,157.928000
39.500700,158.397000
39.526400,157.938000
39.552000,158.761000
39.577700,157.051000
39.603400,158.816000
39.629000,157.739000
39.654700,158.759000
39.680400,157.391000
39.706000,159.264000
39.731700,157.197000
39.757300,159.352000
39.783000,156.911000
39.808700,158.856000
39.834300,157.487000
39.860000,158.562000
39.885600,156.985000
39.911300,158.793000
39.937000,157.785000
39.962600,158.626000
39.988300,157.697000
40.014000,158.680000
40.039600,158.194000
40.065300,158.894000
40.091000,157.561000
40.116600,158.881000
40.142300,158.043000
40.168000,158.362000
40.193600,158.599000
40.219300,158.079000
40.245000,158.978000
40.270600,156.155000
40.296300,151.831000
40.321900,158.192000
40.347600,157.828000
40.373300,157.472000
40.398900,157.640000
40.424600,156.974000
40.450300,158.466000
40.475900,156.537000
40.501600,158.037000
40.527200,157.285000
40.552900,158.395000
40.578600,157.301000
40.604200,158.053000
40.629900,157.123000
40.655600,158.795000
40.681200,156.633000
40.706900,158.949000
40.732500,156.872000
40.758200,158.689000
40.783900,157.360000
40.809500,158.318000
40.835200,157.591000
40.860800,158.720000
40.886500,156.826000
40.912200,157.962000
40.937800,156.897000
40.963500,158.619000
40.989100,157.169000
41.014800,158.140000
41.040400,158.246000
41.066100,158.044000
41.091800,157.639000
41.117400,158.169000
41.143100,157.656000
41.168700,157.759000
41.194400,158.223000
41.220100,157.814000
41.245700,158.193000
41.271400,158.057000
41.297000,157.984000
41.322700,158.150000
41.348400,158.540000
41.374000,157.256000
41.399700,158.771000
41.425300,157.530000
41.451000,159.172000
41.476700,157.350000
41.502300,158.445000
41.528000,157.634000
41.553700,158.684000
41.579300,157.381000
41.605000,159.134000
41.630700,157.132000
41.656400,159.712000
41.682000,157.183000
41.707700,159.037000
41.733400,157.844000
41.759000,158.774000
41.784700,157.817000
41.810400,158.923000
41.836000,157.743000
41.861700,159.144000
41.887400,157.174000
41.913000,158.846000
41.938700,157.672000
41.964400,158.719000
41.990000,158.380000
42.015700,158.190000
42.041400,158.412000
42.067000,158.594000
42.092700,157.994000
42.118400,158.561000
42.118500,158.220000
42.169700,158.206000
42.195400,158.364000
42.221100,157.536000
42.246700,158.920000
42.272400,157.866000
42.298100,158.683000
42.323700,157.899000
42.349400,158.500000
42.375100,157.743000
42.400700,158.731000
42.426400,157.454000
42.452100,159.293000
42.477700,157.322000
42.503400,159.556000
42.529000,157.322000
42.554700,159.200000
42.580400,157.882000
42.606000,158.638000
42.631700,157.321000
42.657400,159.321000
42.683000,157.326000
42.708700,159.319000
42.734400,157.472000
42.760000,158.782000
42.785700,152.328000
42.811400,156.133000
42.837000,157.239000
42.862700,158.247000
42.888400,156.859000
42.914000,157.842000
42.939700,157.602000
42.965400,157.730000
42.991000,157.480000
43.016700,157.912000
43.042400,157.386000
43.068000,158.027000
43.093700,157.373000
43.119400,157.628000
43.145000,158.178000
43.170700,157.535000
43.196400,158.478000
43.222000,157.397000
43.247700,158.464000
43.273400,157.654000
43.299100,157.850000
43.324700,157.410000
43.350400,158.507000
43.376100,157.227000
43.401700,158.900000
43.427400,157.039000
43.453100,159.189000
43.478700,157.084000
43.504400,158.301000
43.530100,156.970000
43.555700,159.183000
43.581400,156.903000
43.607100,158.680000
43.632800,157.624000
43.658400,158.457000
43.684100,157.200000
43.709800,158.466000
43.735400,157.359000
43.761100,158.917000
43.786800,157.094000
43.812400,158.759000
43.838100,157.836000
43.863800,158.515000
43.889500,157.895000
43.915100,157.821000
43.940800,158.019000
43.966400,158.364000
43.992100,157.851000
44.017800,158.438000
44.043500,158.257000
44.069100,158.029000
44.094800,158.307000
44.120400,157.320000
44.146100,158.024000
44.171800,157.815000
44.197500,158.525000
44.223100,157.584000
44.248800,159.198000
44.274500,157.400000
44.300100,159.208000
44.325800,157.903000
44.351500,158.892000
44.377100,157.487000
44.402800,158.571000
44.428500,157.285000
44.454200,159.153000
44.479800,157.072000
44.505500,159.248000
44.531200,157.322000
44.556800,159.415000
44.582500,157.596000
44.608200,158.472000
44.633800,157.826000
44.659500,158.777000
44.685200,156.851000
44.710800,158.380000
44.736500,157.780000
44.762200,158.402000
44.787800,157.132000
44.813500,158.462000
44.839200,158.537000
44.864800,158.264000
44.890500,158.170000
44.916200,158.251000
44.941800,158.238000
44.967500,158.710000
44.993200,158.036000
45.018800,158.150000
45.044500,158.738000
45.070100,157.908000
45.095800,158.986000
45.121500,157.707000
45.147100,158.373000
45.172800,157.359000
45.198500,159.035000
45.224100,157.749000
45.249800,159.268000
45.275500,154.141000
45.301100,153.666000
45.326800,158.284000
45.352500,157.998000
45.378100,156.590000
45.403800,158.429000
45.429500,156.700000
45.455100,158.892000
45.480800,156.621000
45.506500,158.358000
45.532100,157.284000
45.557800,158.195000
45.583500,157.207000
45.609100,158.473000
45.634800,157.224000
45.660400,158.722000
45.686100,156.907000
45.711800,158.527000
45.737400,157.371000
45.763100,158.256000
45.788800,157.970000
45.814400,157.868000
45.840100,157.732000
45.865800,158.002000
45.891400,157.067000
45.917100,157.249000
45.942800,158.350000
45.968400,157.814000
45.994100,157.427000
46.019800,157.340000
46.045400,158.576000
46.071100,157.457000
46.096800,158.505000
46.122400,157.717000
46.148100,158.254000
46.173800,157.508000
46.199400,158.418000
46.225100,157.528000
46.250800,159.156000
46.276400,156.883000
46.302100,159.056000
46.327800,157.210000
46.353400,158.603000
46.379100,157.282000
46.404800,158.752000
46.430400,157.622000
46.456100,159.006000
46.481800,156.994000
46.507400,159.195000
46.533100,157.448000
46.558800,158.798000
46.584400,157.496000
46.610100,158.369000
46.635800,158.023000
46.661400,158.653000
46.687100,157.844000
46.712800,158.773000
46.738400,157.846000
46.764100,158.909000
46.789800,157.899000
46.815400,158.385000
46.841100,158.629000
46.866800,157.603000
46.892400,158.413000
46.918100,157.968000
46.943800,157.986000
46.969500,157.645000
46.995100,158.814000
47.020800,157.618000
47.046500,159.024000
47.072100,157.815000
47.097800,157.965000
47.123400,156.886000
47.149100,159.123000
47.174800,157.542000
47.200500,158.833000
47.226100,157.913000
47.251800,159.191000
47.277500,157.437000
47.303100,159.213000
47.328800,157.066000
47.354500,158.501000
47.380100,157.459000
47.405800,159.192000
47.431500,157.562000
47.457100,159.354000
47.482800,157.154000
47.508500,158.930000
47.534100,157.831000
47.559800,158.439000
47.585500,157.913000
47.611100,158.429000
47.636800,157.933000
47.662500,158.771000
47.688100,157.611000
47.713800,158.659000
47.739500,158.204000
47.765100,156.854000
47.790800,152.069000
47.816500,157.243000
47.842100,158.104000
47.867800,157.348000
47.893500,157.313000
47.919100,157.492000
47.944800,157.378000
47.970500,157.212000
47.996100,157.776000
48.021800,157.211000
48.047500,158.822000
48.073100,156.476000
48.098800,157.547000
48.124500,157.035000
48.150100,158.802000
48.175800,156.636000
48.201500,158.970000
48.227100,157.200000
48.252800,158.578000
48.278500,157.128000
48.304100,158.357000
48.329800,157.278000
48.355500,158.654000
48.381100,156.545000
48.406800,158.072000
48.432500,157.543000
48.458100,158.450000
48.483800,157.265000
48.509400,158.908000
48.535100,157.161000
48.560800,158.106000
48.586400,157.905000
48.612100,158.523000
48.637800,157.640000
48.663400,158.561000
48.689100,157.503000
48.714700,158.123000
48.740400,158.317000
48.766100,157.796000
48.791700,158.516000
48.817400,157.765000
48.843100,158.368000
48.868700,158.123000
48.894400,157.826000
48.920000,157.744000
48.945700,158.771000
48.971400,157.454000
48.997000,159.132000
49.022700,157.230000
49.048400,159.401000
49.074000,157.576000
49.099700,158.376000
49.125400,157.235000
49.151000,159.322000
49.176700,157.271000
49.202400,158.757000
49.228000,158.073000
49.253700,159.053000
49.279400,157.381000
49.305000,158.825000
49.330700,157.125000
49.356300,159.107000
49.382000,157.064000
49.407700,158.821000
49.433300,158.082000
49.459000,158.685000
49.484700,158.106000
49.510300,158.411000
49.536000,158.069000
49.561700,159.007000
49.587300,157.348000
49.613000,157.859000
49.638700,158.457000
49.664300,159.257000
49.690000,158.569000
49.715700,158.388000
49.741300,158.243000
49.767000,158.014000
49.792700,158.466000
49.818400,157.293000
49.844000,159.157000
49.869700,157.737000
49.895400,158.659000
49.921000,157.696000
49.946700,158.590000
49.972400,157.605000
49.998000,158.390000
50.023700,157.375000
50.049400,159.573000
50.075100,157.105000
50.100700,159.003000
50.126400,157.274000
50.152000,159.171000
50.177700,157.633000
50.203400,158.606000
50.229100,158.327000
50.254700,159.109000
50.280400,151.882000
50.306000,155.519000
50.331700,157.434000
50.357400,157.844000
50.383000,156.656000
50.408700,158.033000
50.434400,156.656000
50.460000,158.522000
50.485700,157.346000
50.511400,157.551000
50.537000,157.671000
50.562700,157.936000
50.588400,157.670000
50.614000,157.736000
50.639700,157.726000
50.665400,158.308000
50.691000,157.657000
50.716700,157.139000
50.742300,158.305000
50.768000,157.548000
50.793700,158.490000
50.819300,157.081000
50.845000,158.469000
50.870700,157.524000
50.896300,158.029000
50.922000,157.390000
50.947700,158.894000
50.973300,157.282000
50.999000,158.990000
51.024700,157.131000
51.050400,159.420000
51.076000,157.463000
51.101700,158.546000
51.127400,157.142000
51.153000,158.631000
51.178700,157.665000
51.204300,158.937000
51.230000,157.308000
51.255700,159.355000
51.281300,157.178000
51.307000,158.672000
51.332700,157.825000
51.358300,158.560000
51.384000,158.163000
51.409700,158.424000
51.435300,157.937000
51.461000,158.646000
51.486700,157.604000
51.512300,158.382000
51.538000,158.046000
51.563700,158.333000
51.589300,158.187000
51.615000,157.370000
51.640700,158.887000
51.666300,158.223000
51.692000,158.048000
51.717700,157.286000
51.743300,159.101000
51.769000,157.589000
51.794700,158.647000
51.820300,157.246000
51.846000,158.877000
51.871700,157.978000
51.897400,158.790000
51.923000,157.108000
51.948700,159.573000
51.974400,157.263000
52.000000,159.096000
52.025700,157.276000
52.051400,159.469000
52.077100,157.891000
52.102700,158.821000
52.128400,157.878000
52.154000,159.440000
52.179700,157.437000
52.205400,159.209000
52.231000,157.618000
52.256700,159.276000
52.282400,158.121000
52.308000,158.465000
52.333700,158.058000
52.359400,158.631000
52.385100,158.208000
52.410700,158.533000
52.436400,157.948000
52.462000,158.760000
52.487700,158.029000
52.513400,158.169000
52.539000,158.767000
52.564700,157.851000
52.590300,158.667000
52.616000,157.791000
52.641700,158.681000
52.667300,158.355000
52.693000,158.504000
52.718700,157.869000
52.744300,159.043000
52.770000,154.459000
52.795600,153.791000
52.821300,157.708000
52.847000,157.588000
52.872600,156.791000
52.898300,158.472000
52.924000,156.501000
52.949600,158.992000
52.975300,157.022000
53.001000,158.204000
53.026600,156.913000
53.052300,158.605000
53.078000,157.321000
53.103700,158.565000
53.129300,156.840000
53.155000,159.003000
53.180600,156.782000
53.206300,158.335000
53.232000,157.160000
53.257600,158.281000
53.283300,157.523000
53.309000,158.150000
53.334600,157.681000
53.360300,158.815000
53.385900,157.758000
53.411600,158.425000
53.437300,158.042000
53.462900,158.276000
53.488600,158.112000
53.514200,158.259000
53.539900,158.393000
53.565600,158.055000
53.591200,158.474000
53.616900,157.127000
53.642500,159.184000
53.668200,157.741000
53.693900,158.466000
53.719500,157.389000
53.745200,158.721000
53.770900,158.274000
53.796500,159.749000
53.822200,157.537000
53.847800,159.472000
53.873500,156.983000
53.899200,159.090000
53.924800,157.274000
53.950500,159.456000
53.976100,157.482000
54.001800,158.691000
54.027400,157.735000
54.053100,159.420000
54.078800,157.108000
54.104400,159.003000
54.130100,157.310000
54.155700,159.202000
54.181400,157.832000
54.207100,158.144000
54.232700,157.695000
54.258400,158.954000
54.284100,158.480000
54.309700,158.900000
54.335400,157.886000
54.361000,158.872000
54.386700,158.146000
54.412400,157.936000
54.438000,158.604000
54.463700,157.746000
54.489300,158.645000
54.515000,157.917000
54.540700,158.672000
54.566300,158.233000
54.592000,158.518000
54.617700,157.813000
54.643300,159.093000
54.669000,157.200000
54.694700,159.282000
54.720300,157.411000
54.746000,159.387000
54.771600,158.007000
54.797300,159.519000
54.823000,157.794000
54.848600,159.021000
54.874300,157.435000
54.900000,159.153000
54.925600,157.122000
54.951300,159.410000
54.976900,157.311000
55.002600,158.920000
55.028300,158.097000
55.053900,158.977000
55.079600,157.863000
55.105200,158.789000
55.130900,157.825000
55.156600,159.260000
55.182200,157.638000
55.207900,158.904000
55.233500,158.240000
55.259200,157.299000
55.284800,152.093000
55.310500,156.871000
55.336200,157.722000
55.361800,157.832000
55.387500,157.190000
55.413100,157.181000
55.438800,158.364000
55.464500,157.885000
55.490100,157.804000
55.515800,157.636000
55.541500,157.887000
55.567100,156.732000
55.592800,158.267000
55.618400,157.527000
55.644100,158.545000
55.669800,157.451000
55.695400,158.656000
55.721100,157.147000
55.746800,159.148000
55.772400,156.715000
55.798100,158.855000
55.823700,157.163000
55.849400,158.949000
55.875100,157.611000
55.900700,158.575000
55.926400,157.240000
55.952100,158.899000
55.977700,157.030000
56.003400,159.082000
56.029000,157.110000
56.054700,159.223000
56.080300,157.740000
56.106000,158.298000
56.131700,158.107000
56.157300,158.555000
56.183000,157.405000
56.208600,157.847000
56.234300,157.715000
56.260000,158.975000
56.285600,158.230000
56.311300,157.968000
56.336900,158.781000
56.362600,157.977000
56.388300,158.861000
56.413900,158.004000
56.439600,158.748000
56.465300,158.312000
56.490900,158.617000
56.516600,157.763000
56.542300,158.900000
56.567900,157.257000
56.593600,159.437000
56.619200,157.338000
56.644900,159.095000
56.670600,157.695000
56.696200,159.245000
56.721900,157.943000
56.747600,159.133000
56.773200,157.477000
56.798900,159.553000
56.824500,157.328000
56.850200,159.548000
56.875900,157.229000
56.901500,158.672000
56.927200,157.388000
56.952800,159.377000
56.978500,157.680000
57.004200,159.312000
57.029800,158.139000
57.055500,158.875000
57.081200,158.459000
57.106800,158.606000
57.132500,157.973000
57.158100,158.925000
57.183800,158.316000
57.209500,158.730000
57.235100,158.366000
57.260800,158.284000
57.286500,158.932000
57.312100,157.856000
57.337800,158.870000
57.363400,158.174000
57.389100,158.433000
57.414800,157.517000
57.440400,159.402000
57.466100,157.748000
57.491800,159.244000
57.517400,158.137000
57.543100,158.926000
57.568800,157.921000
57.594400,159.146000
57.620100,157.325000
57.645800,159.714000
57.671400,157.336000
57.697100,159.599000
57.722700,157.595000
57.748400,158.847000
57.774100,152.546000
57.799700,155.228000
57.825400,157.704000
57.851100,158.397000
57.876700,156.727000
57.902400,158.599000
57.928000,156.912000
57.953700,158.762000
57.979300,157.343000
58.005000,157.954000
58.030700,157.676000
58.056300,158.133000
58.082000,157.623000
58.107600,158.645000
58.133300,157.559000
58.159000,158.468000
58.184600,158.123000
58.210300,158.226000
58.236000,158.693000
58.261600,157.591000
58.287300,158.478000
58.313000,157.710000
58.338600,158.140000
58.364300,157.961000
58.390000,158.215000
58.415600,157.512000
58.441300,158.887000
58.466900,157.270000
58.492600,159.088000
58.518300,156.986000
58.544000,159.067000
58.569600,157.601000
58.595300,158.753000
58.621000,157.698000
58.646600,158.948000
58.672300,156.953000
58.698000,158.578000
58.723600,156.936000
58.749300,159.399000
58.775000,157.423000
58.800700,158.833000
58.826300,157.758000
58.852000,158.364000
58.877600,157.577000
58.903300,158.690000
58.929000,157.518000
58.954600,159.033000
58.980300,157.655000
59.005900,158.858000
59.031600,158.276000
59.057300,158.387000
59.083000,158.645000
59.108600,158.062000
59.134300,158.244000
59.159900,158.520000
59.185600,158.349000
59.211300,158.167000
59.236900,158.441000
59.262600,158.408000
59.288300,159.021000
59.314000,157.290000
59.339600,159.187000
59.365300,157.767000
59.391000,159.126000
59.416600,158.088000
59.442300,159.142000
59.468000,158.067000
59.493600,159.176000
59.519300,157.233000
59.545000,159.546000
59.570600,157.347000
59.596300,159.570000
59.621900,157.822000
59.647600,158.934000
59.673300,157.449000
59.698900,158.683000
59.724600,157.505000
59.750300,158.915000
59.775900,157.040000
59.801600,158.426000
59.827300,157.943000
59.852900,158.708000
59.878600,157.648000
59.904300,159.855000
59.929900,158.082000
59.955600,158.176000
59.981300,158.123000
60.006900,158.965000
60.032600,158.299000
60.058300,158.922000
60.083900,158.722000
60.109600,158.159000
60.135300,158.733000
60.160900,157.924000
60.186600,159.144000
60.212300,158.052000
60.238000,158.904000
60.263600,155.450000
60.289300,152.714000
60.315000,157.629000
60.340600,158.083000
60.366300,156.900000
60.392000,158.849000
60.417700,156.971000
60.443300,158.972000
60.469000,157.316000
60.494700,158.512000
60.520400,157.247000
60.546000,158.530000
60.571700,157.010000
60.597400,158.876000
60.623000,156.968000
60.648700,159.040000
60.674400,157.201000
60.700100,158.648000
60.725700,157.380000
60.751400,158.377000
60.777100,157.026000
60.802700,158.686000
60.828400,157.871000
60.854100,158.401000
60.879700,157.563000
60.905400,158.430000
60.931100,157.798000
60.956800,158.077000
60.982400,158.432000
61.008100,157.672000
61.033800,158.314000
61.059400,158.444000
61.085100,158.250000
61.110800,158.184000
61.136500,158.286000
61.162100,157.657000
61.187800,158.632000
61.213500,157.523000
61.239100,159.301000
61.264800,157.434000
61.290500,158.777000
61.316100,156.378000
61.341800,158.681000
61.367500,158.013000
61.393200,158.855000
61.418800,157.467000
61.444500,159.173000
61.470100,157.128000
61.495800,158.621000
61.521500,157.355000
61.547100,159.053000
61.572800,157.046000
61.598500,159.429000
61.624100,157.388000
61.649800,158.929000
61.675500,158.144000
61.701100,158.429000
61.726800,157.064000
61.752500,158.727000
61.778100,158.139000
61.803800,158.390000
61.829500,158.189000
61.855100,158.516000
61.880800,158.118000
61.906500,158.606000
61.932100,157.812000
61.957800,158.469000
61.983500,158.487000
62.009100,158.038000
62.034800,158.887000
62.060500,157.691000
62.086100,158.808000
62.111800,157.593000
62.137500,158.492000
62.163200,157.773000
62.188800,158.555000
62.214500,157.386000
62.240200,159.167000
62.265800,157.617000
62.291500,158.644000
62.317100,157.619000
62.342800,159.191000
62.368500,157.681000
62.394100,159.542000
62.419800,157.129000
62.445500,159.517000
62.471100,157.561000
62.496800,158.814000
62.522400,158.003000
62.548100,158.782000
62.573800,158.050000
62.599400,158.997000
62.625100,157.565000
62.650700,159.095000
62.676400,157.504000
62.702100,159.002000
62.727700,158.251000
62.753400,157.293000
62.779100,152.060000
62.804700,156.929000
62.830400,157.320000
62.856000,157.918000
62.881700,157.150000
62.907400,157.792000
62.933000,157.321000
62.958700,157.475000
62.984400,158.212000
63.010000,157.265000
63.035700,158.116000
63.061400,157.520000
63.087000,158.264000
63.112700,157.513000
63.138400,157.933000
63.164000,157.298000
63.189700,158.572000
63.215400,156.613000
63.241000,159.089000
63.266700,156.988000
63.292400,158.328000
63.318000,156.949000
63.343700,158.777000
63.369400,156.826000
63.395000,158.992000
63.420700,157.125000
63.446400,158.537000
63.472100,157.722000
63.497700,158.590000
63.523400,157.513000
63.549000,158.805000
63.574700,157.444000
63.600400,159.091000
63.626000,157.279000
63.651700,158.574000
63.677300,158.006000
63.703000,158.252000
63.728700,157.928000
63.754300,157.928000
63.780000,158.052000
63.805600,158.503000
63.831300,157.910000
63.857000,158.244000
63.882600,158.205000
63.908300,157.734000
63.933900,158.498000
63.959600,157.521000
63.985300,158.716000
64.010900,157.702000
64.036600,158.631000
64.062300,157.977000
64.087900,158.792000
64.113600,157.586000
64.139300,158.795000
64.164900,156.975000
64.190600,159.242000
64.216300,157.141000
64.241900,159.119000
64.267600,157.612000
64.293300,158.917000
64.318900,157.698000
64.344600,158.522000
64.370300,157.309000
64.395900,159.473000
64.421600,157.032000
64.447300,159.050000
64.472900,157.465000
64.498600,158.532000
64.524300,157.193000
64.549900,158.878000
64.575600,158.012000
64.601300,159.001000
64.626900,158.048000
64.652600,158.126000
64.678300,158.305000
64.703900,158.310000
64.729600,158.210000
64.755300,158.374000
64.780900,158.102000
64.806600,158.358000
64.832300,158.050000
64.857900,157.336000
64.883600,158.383000
64.909300,158.039000
64.934900,158.225000
64.960600,157.744000
64.986300,159.194000
65.011900,157.835000
65.037600,159.714000
65.063200,157.526000
65.088900,159.141000
65.114600,157.856000
65.140200,158.705000
65.165900,157.994000
65.191600,159.299000
65.217200,157.389000
65.242900,158.651000
65.268500,152.621000
65.294200,155.031000
65.319900,157.678000
65.345500,158.434000
65.371200,156.694000
65.396800,158.435000
65.422500,156.655000
65.448200,158.128000
65.473800,157.333000
65.499500,158.115000
65.525100,157.214000
65.550800,157.964000
65.576500,157.194000
65.602100,158.428000
65.627800,157.151000
65.653500,157.907000
65.679100,157.526000
65.704800,157.381000
65.730500,157.212000
65.756100,157.662000
65.781800,158.291000
65.807500,157.777000
65.833100,158.407000
65.858800,157.099000
65.884500,158.790000
65.910100,157.733000
65.935800,158.225000
65.961400,157.704000
65.987100,158.765000
66.012800,157.711000
66.038400,158.726000
66.064100,156.717000
66.089800,158.680000
66.115400,157.250000
66.141100,158.563000
66.166800,157.017000
66.192400,159.461000
66.218100,157.092000
66.243800,159.003000
66.269500,157.310000
66.295100,159.057000
66.320800,157.689000
66.346500,158.233000
66.372100,156.732000
66.397800,158.833000
66.423500,158.040000
66.449100,158.279000
66.474800,157.935000
66.500500,158.635000
66.526100,157.260000
66.551800,158.220000
66.577500,157.588000
66.603100,158.652000
66.628800,158.028000
66.654500,157.533000
66.680100,158.389000
66.705800,157.795000
66.731500,158.416000
66.757200,157.775000
66.782800,158.097000
66.808500,157.183000
66.834200,158.881000
66.859800,157.646000
66.885500,158.756000
66.911200,157.792000
66.936800,158.458000
66.962500,157.436000
66.988200,159.198000
67.013800,157.101000
67.039500,159.125000
67.065200,157.366000
67.090900,159.495000
67.116500,157.593000
67.142200,158.378000
67.167900,157.637000
67.193500,159.093000
67.219200,157.730000
67.244900,159.186000
67.270600,157.347000
67.296200,159.394000
67.321900,157.327000
67.347600,158.564000
67.373200,157.798000
67.398900,158.416000
67.424600,157.855000
67.450300,158.137000
67.475900,157.579000
67.501600,159.134000
67.527300,157.889000
67.552900,158.301000
67.578600,158.289000
67.604300,158.132000
67.629900,158.804000
67.655600,157.572000
67.681300,158.729000
67.706900,158.371000
67.732600,158.321000
67.758200,155.294000
67.783900,152.506000
67.809600,158.047000
67.835200,158.098000
67.860900,156.295000
67.886600,158.657000
67.912200,156.807000
67.937900,157.853000
67.963600,156.721000
67.989200,158.237000
68.014900,157.253000
68.040600,158.413000
68.066200,156.756000
68.091900,158.929000
68.117500,156.306000
68.143200,158.557000
68.168900,156.915000
68.194500,158.455000
68.220200,157.160000
68.245900,157.868000
68.271500,156.931000
68.297200,158.782000
68.322900,157.307000
68.348500,157.736000
68.374200,157.680000
68.399900,158.411000
68.425500,157.465000
68.451200,158.379000
68.476900,157.538000
68.502600,158.057000
68.528200,157.611000
68.553900,157.140000
68.579600,157.776000
68.605200,158.336000
68.630900,158.214000
68.656600,157.538000
68.682300,158.940000
68.707900,157.705000
68.733600,158.781000
68.759300,157.387000
68.784900,158.720000
68.810600,157.960000
68.836300,158.349000
68.862000,157.376000
68.887600,159.423000
68.913300,157.263000
68.939000,158.163000
68.964600,156.354000
68.990300,159.253000
69.016000,157.836000
69.041600,158.675000
69.067300,157.977000
69.093000,158.968000
69.118600,156.966000
69.144300,159.167000
69.170000,157.388000
69.195600,158.973000
69.221300,156.992000
69.246900,158.299000
69.272600,157.662000
69.298300,158.267000
69.323900,157.726000
69.349600,158.555000
69.375300,157.776000
69.400900,158.531000
69.426600,157.718000
69.452300,158.417000
69.477900,158.505000
69.503600,158.048000
69.529300,158.615000
69.554900,157.499000
69.580600,158.735000
69.606300,158.113000
69.632000,158.265000
69.657600,157.896000
69.683300,158.902000
69.709000,158.010000
69.734600,158.957000
69.760300,156.978000
69.786000,159.489000
69.811600,157.402000
69.837300,158.965000
69.863000,157.592000
69.888600,159.045000
69.914300,158.079000
69.940000,159.323000
69.965600,157.638000
69.991300,159.402000
70.017000,156.860000
70.042600,159.137000
70.068300,157.727000
70.094000,159.056000
70.119600,158.129000
70.145300,159.433000
70.171000,158.024000
70.196600,159.160000
70.222300,157.567000
70.248000,157.096000
70.273600,151.854000
70.299300,157.043000
70.325000,157.092000
70.350600,157.725000
70.376300,157.007000
70.402000,158.017000
70.427600,157.502000
70.453300,157.207000
70.479000,157.999000
70.504700,157.273000
70.530300,157.854000
70.556000,157.387000
70.581700,157.911000
70.607300,157.742000
70.633000,158.079000
70.658700,157.424000
70.684400,158.839000
70.710000,156.896000
70.735700,158.525000
70.761300,156.698000
70.787000,158.749000
70.812700,157.536000
70.838400,158.187000
70.864000,156.956000
70.889700,158.861000
70.915300,157.145000
70.941000,158.937000
70.966700,156.769000
70.992300,159.060000
71.018000,157.274000
71.043700,158.645000
71.069300,157.612000
71.095000,158.146000
71.120700,157.289000
71.146300,158.349000
71.172000,157.236000
71.197700,159.030000
71.223300,157.741000
71.249000,157.698000
71.274700,157.582000
71.300400,159.197000
71.326000,157.901000
71.351700,157.862000
71.377400,158.357000
71.403100,158.137000
71.428700,158.555000
71.454400,157.534000
71.480100,158.628000
71.505700,157.824000
71.531400,158.113000
71.557100,157.724000
71.582800,158.642000
71.608400,157.275000
71.634100,158.665000
71.659800,156.843000
71.685400,158.466000
71.711100,157.352000
71.736800,159.026000
71.762400,156.865000
71.788100,159.026000
71.813800,157.045000
71.839400,159.307000
71.865100,157.598000
71.890800,159.044000
71.916400,157.792000
71.942100,158.749000
71.967700,157.670000
71.993400,159.432000
72.019100,157.463000
72.044700,158.889000
72.070400,157.425000
72.070500,158.791000
72.121700,158.132000
72.147400,158.342000
72.173000,158.260000
72.198700,158.356000
72.224400,157.777000
72.250000,158.539000
72.275700,157.829000
72.301400,157.868000
72.327000,158.026000
72.352700,158.300000
72.378400,159.057000
72.404000,158.290000
72.429700,158.937000
72.455300,157.959000
72.481000,158.408000
72.506700,158.156000
72.532300,158.724000
72.558000,157.703000
72.583700,159.576000
72.609300,157.153000
72.635000,159.119000
72.660600,156.999000
72.686300,158.759000
72.712000,157.549000
72.737600,158.579000
72.763300,153.167000
72.788900,154.758000
72.814600,156.876000
72.840300,157.762000
72.865900,156.907000
72.891600,158.097000
72.917300,156.672000
72.942900,158.431000
72.968600,156.719000
72.994300,158.725000
73.019900,156.930000
73.045600,158.234000
73.071300,157.574000
73.096900,157.747000
73.122600,157.611000
73.148300,158.288000
73.173900,157.466000
73.199600,158.268000
73.225300,157.588000
73.250900,157.842000
73.276600,157.910000
73.302300,157.532000
73.327900,157.422000
73.353600,157.951000
73.379300,158.396000
73.404900,157.288000
73.430600,158.672000
73.456300,157.205000
73.481900,158.869000
73.507600,157.443000
73.533300,158.479000
73.558900,157.464000
73.584600,158.563000
73.610300,157.441000
73.636000,158.839000
73.661600,157.098000
73.687300,159.434000
73.713000,157.079000
73.738600,158.732000
73.764300,157.400000
73.790000,159.046000
73.815700,158.616000
73.841300,159.140000
73.867000,157.111000
73.892700,158.908000
73.918300,157.013000
73.944000,158.702000
73.969700,157.435000
73.995300,158.875000
74.021000,158.121000
74.046700,158.217000
74.072300,157.862000
74.098000,158.474000
74.123700,157.740000
74.149400,158.473000
74.175000,157.753000
74.200700,157.663000
74.226400,158.051000
74.252000,158.010000
74.277700,158.048000
74.303400,158.283000
74.329000,158.427000
74.354700,157.349000
74.380400,158.857000
74.406100,157.265000
74.431700,159.063000
74.457400,157.798000
74.483100,158.863000
74.508700,157.788000
74.534400,158.746000
74.560000,157.522000
74.585700,159.154000
74.611400,157.011000
74.637100,159.380000
74.662700,157.151000
74.688400,159.431000
74.714000,157.656000
74.739700,158.693000
74.765400,157.673000
74.791000,158.912000
74.816700,157.625000
74.842400,158.999000
74.868000,157.078000
74.893700,159.236000
74.919300,157.718000
74.945000,158.677000
74.970700,158.083000
74.996400,158.483000
75.022000,158.243000
75.047700,158.642000
75.073400,158.266000
75.099000,158.729000
75.124700,157.770000
75.150300,158.289000
75.176000,158.630000
75.201700,158.315000
75.227300,159.525000
75.253000,156.095000
75.278700,152.671000
75.304400,157.930000
75.330000,157.256000
75.355700,156.303000
75.381400,158.115000
75.407000,156.984000
75.432700,157.977000
75.458400,157.420000
75.484000,158.249000
75.509700,156.932000
75.535400,158.518000
75.561000,156.482000
75.586700,158.712000
75.612400,156.614000
75.638000,158.387000
75.663700,157.087000
75.689400,158.622000
75.715100,157.257000
75.740700,158.341000
75.766400,156.463000
75.792100,158.274000
75.817700,157.510000
75.843400,158.346000
75.869100,157.431000
75.894800,158.541000
75.920400,157.328000
75.946100,158.988000
75.971800,157.592000
75.997400,158.210000
76.023100,157.863000
76.048800,157.590000
76.074400,158.364000
76.100100,158.377000
76.125800,158.180000
76.151400,157.986000
76.177100,158.090000
76.202800,158.146000
76.228400,158.508000
76.254100,157.434000
76.279800,158.841000
76.305400,157.167000
76.331100,158.888000
76.356800,157.429000
76.382400,158.685000
76.408100,157.354000
76.433800,158.700000
76.459400,157.722000
76.485100,159.178000
76.510800,156.856000
76.536400,159.072000
76.562100,156.884000
76.587800,159.072000
76.613400,157.755000
76.639100,158.630000
76.664800,157.379000
76.690500,158.836000
76.716100,157.333000
76.741800,158.849000
76.767500,157.415000
76.793100,159.237000
76.818800,157.774000
76.844400,158.527000
76.870100,158.009000
76.895800,158.208000
76.921400,158.007000
76.947100,158.286000
76.972800,157.560000
76.998400,156.267000
77.024100,156.654000
77.049800,160.621000
77.075400,158.686000
77.101100,157.643000
77.126800,158.234000
77.152400,157.985000
77.178100,158.475000
77.203800,157.712000
77.229500,159.349000
77.255100,157.289000
77.280800,159.369000
77.306500,157.793000
77.332100,158.807000
77.357800,157.467000
77.383500,158.847000
77.409200,157.792000
77.434800,159.101000
77.460500,157.099000
77.486200,159.444000
77.511900,157.073000
77.537500,159.121000
77.563200,157.577000
77.588900,158.784000
77.614500,157.346000
77.640200,158.606000
77.665900,157.386000
77.691500,159.238000
77.717200,157.392000
77.742900,158.374000
77.768500,151.846000
77.794200,156.823000
77.819800,157.781000
77.845500,157.340000
77.871200,156.654000
77.896900,157.846000
77.922500,157.221000
77.948200,157.086000
77.973900,157.685000
77.999500,157.696000
78.025200,157.500000
78.050900,157.773000
78.076500,157.636000
78.102200,157.702000
78.127900,157.733000
78.153500,157.041000
78.179200,158.759000
78.204900,156.999000
78.230600,158.568000
78.256200,157.071000
78.281900,158.301000
78.307500,157.228000
78.333200,158.090000
78.358900,156.875000
78.384500,158.809000
78.410200,156.702000
78.435900,159.034000
78.461500,156.966000
78.487200,158.924000
78.512900,157.274000
78.538600,158.498000
78.564200,157.548000
78.589900,158.775000
78.615600,157.234000
78.641200,158.672000
78.666900,156.982000
78.692600,159.108000
78.718200,157.615000
78.743900,157.938000
78.769600,157.292000
78.795300,158.702000
78.820900,157.771000
78.846600,157.810000
78.872300,157.416000
78.898000,157.654000
78.923600,158.300000
78.949300,157.848000
78.975000,158.186000
79.000700,158.164000
79.026300,158.158000
79.052000,157.808000
79.077700,158.705000
79.103300,157.783000
79.129000,159.081000
79.154700,157.061000
79.180300,159.206000
79.206000,157.715000
79.231700,158.734000
79.257400,157.488000
79.283000,158.684000
79.308700,157.343000
79.334400,158.836000
79.360000,157.104000
79.385700,159.391000
79.411400,156.759000
79.437000,158.303000
79.462700,156.853000
79.488400,159.078000
79.514000,156.992000
79.539700,158.845000
79.565400,157.413000
79.591100,158.778000
79.616700,157.956000
79.642400,158.488000
79.668100,157.711000
79.693700,158.616000
79.719400,157.506000
79.745100,158.643000
79.770700,157.874000
79.796400,158.661000
79.822000,158.500000
79.847700,157.773000
79.873400,158.450000
79.899000,158.038000
79.924700,158.537000
79.950400,158.103000
79.976000,158.153000
80.001700,158.037000
80.027400,158.575000
80.053000,157.383000
80.078700,159.231000
80.104300,157.195000
80.130000,159.092000
80.155700,157.452000
80.181400,158.946000
80.207000,157.905000
80.232700,158.858000
80.258400,153.572000
80.284000,154.893000
80.309700,157.417000
80.335400,158.612000
80.361000,157.085000
80.386700,159.445000
80.412400,157.605000
80.438000,158.106000
80.463700,157.004000
80.489400,158.061000
80.515000,156.702000
80.540700,158.424000
80.566300,156.934000
80.592000,158.553000
80.617700,157.143000
80.643400,157.872000
80.669000,157.536000
80.694700,158.020000
80.720300,157.236000
80.746000,157.955000
80.771600,158.158000
80.797300,157.819000
80.823000,158.220000
80.848600,157.654000
80.874300,158.112000
80.899900,158.001000
80.925600,158.063000
80.951300,158.010000
80.976900,158.677000
81.002600,157.498000
81.028300,158.812000
81.053900,157.003000
81.079600,159.284000
81.105300,157.331000
81.130900,158.589000
81.156600,157.540000
81.182300,158.860000
81.207900,157.582000
81.233600,158.934000
81.259300,156.706000
81.284900,158.754000
81.310600,157.316000
81.336300,158.908000
81.361900,157.136000
81.387600,159.217000
81.413300,157.189000
81.438900,159.129000
81.464600,157.587000
81.490200,158.675000
81.515900,157.880000
81.541600,158.303000
81.567200,157.718000
81.592900,158.725000
81.618600,157.410000
81.644200,158.439000
81.669900,157.711000
81.695500,158.381000
81.721200,158.091000
81.746900,157.651000
81.772500,157.996000
81.798200,158.330000
81.823900,158.729000
81.849500,157.615000
81.875200,158.932000
81.900800,157.782000
81.926500,158.704000
81.952200,157.718000
81.977900,158.587000
82.003500,157.233000
82.029200,159.146000
82.054800,157.571000
82.080500,159.304000
82.106200,158.078000
82.131800,159.126000
82.157500,157.579000
82.183200,159.263000
82.208800,157.292000
82.234500,159.594000
82.260200,157.335000
82.285800,159.130000
82.311500,157.659000
82.337200,158.658000
82.362800,157.828000
82.388500,159.111000
82.414200,157.561000
82.439800,159.020000
82.465500,157.113000
82.491100,158.064000
82.516800,157.678000
82.542500,158.596000
82.568100,157.534000
82.593800,158.553000
82.619500,157.920000
82.645100,158.405000
82.670800,158.693000
82.696500,157.840000
82.722100,158.600000
82.747800,155.766000
82.773500,151.888000
82.799100,158.181000
82.824800,157.372000
82.850400,156.476000
82.876100,157.796000
82.901800,157.279000
82.927400,157.472000
82.953100,157.016000
82.978800,158.486000
83.004400,157.174000
83.030100,158.676000
83.055700,156.720000
83.081400,158.508000
83.107100,156.633000
83.132800,158.083000
83.158400,156.929000
83.184100,158.415000
83.209800,157.513000
83.235400,158.973000
83.261100,156.949000
83.286800,158.385000
83.312400,155.922000
83.338100,159.002000
83.363800,157.279000
83.389400,158.214000
83.415100,157.333000
83.440800,158.145000
83.466400,157.728000
83.492100,158.743000
83.517800,157.360000
83.543400,158.350000
83.569100,157.655000
83.594800,158.142000
83.620400,157.831000
83.646100,157.380000
83.671800,158.250000
83.697400,157.788000
83.723100,158.049000
83.748800,158.021000
83.774400,158.398000
83.800100,157.980000
83.825800,158.577000
83.851400,157.558000
83.877100,159.307000
83.902800,156.822000
83.928500,158.917000
83.954100,157.349000
83.979800,159.269000
84.005500,157.862000
84.031100,158.551000
84.056800,156.883000
84.082400,159.089000
84.108100,157.348000
84.133800,159.141000
84.159500,156.971000
84.185100,159.169000
84.210800,157.491000
84.236400,158.684000
84.262100,157.940000
84.287800,158.815000
84.313400,157.394000
84.339100,158.688000
84.364800,157.430000
84.390400,159.186000
84.416100,157.971000
84.441800,158.022000
84.467400,157.490000
84.493100,159.012000
84.518800,158.068000
84.544400,157.884000
84.570100,157.967000
84.595800,157.745000
84.621400,158.250000
84.647100,157.445000
84.672700,158.340000
84.698400,158.211000
84.724100,158.241000
84.749700,157.882000
84.775400,159.014000
84.801100,157.540000
84.826700,159.619000
84.852400,157.537000
84.878100,159.567000
84.903700,157.482000
84.929400,158.319000
84.955100,156.870000
84.980700,159.564000
85.006400,157.760000
85.032100,158.579000
85.057700,157.340000
85.083400,159.097000
85.109000,157.527000
85.134700,158.884000
85.160400,157.310000
85.186000,159.294000
85.211700,157.192000
85.237300,158.362000
85.263000,151.765000
85.288700,156.332000
85.314300,158.020000
85.340000,157.431000
85.365600,156.554000
85.391300,157.556000
85.417000,157.453000
85.442600,157.673000
85.468300,157.843000
85.493900,158.707000
85.519600,157.928000
85.545300,157.654000
85.570900,157.531000
85.596600,157.654000
85.622300,158.056000
85.647900,157.344000
85.673600,157.763000
85.699300,157.628000
85.724900,158.194000
85.750600,156.944000
85.776200,158.811000
85.801900,156.999000
85.827600,158.884000
85.853200,157.332000
85.878900,158.628000
85.904600,157.506000
85.930200,158.440000
85.955900,156.637000
85.981600,158.951000
86.007200,157.597000
86.032900,158.544000
86.058600,157.499000
86.084200,158.719000
86.109900,156.731000
86.135600,158.902000
86.161200,157.042000
86.186900,159.067000
86.212600,157.571000
86.238200,158.341000
86.263900,158.059000
86.289600,158.350000
86.315200,157.588000
86.340900,158.276000
86.366600,157.296000
86.392200,157.850000
86.417900,158.028000
86.443500,157.909000
86.469200,157.674000
86.494900,158.590000
86.520500,158.012000
86.546200,157.337000
86.571900,158.242000
86.597500,157.216000
86.623200,158.782000
86.648900,157.398000
86.674500,158.986000
86.700200,158.193000
86.725900,158.201000
86.751500,156.781000
86.777200,159.090000
86.802900,157.279000
86.828500,158.327000
86.854200,157.217000
86.879900,158.757000
86.905500,157.314000
86.931200,158.872000
86.956900,156.868000
86.982500,158.973000
87.008200,157.584000
87.033900,158.953000
87.059500,157.316000
87.085200,159.107000
87.110900,156.793000
87.136500,158.663000
87.162200,157.602000
87.187900,158.720000
87.213500,158.119000
87.239200,158.137000
87.264900,157.391000
87.290600,158.524000
87.316200,158.181000
87.341900,157.722000
87.367600,158.347000
87.393200,158.269000
87.418900,157.960000
87.444600,158.297000
87.470300,158.382000
87.495900,158.183000
87.521600,158.769000
87.547300,157.185000
87.572900,158.959000
87.598600,157.514000
87.624300,158.753000
87.650000,157.441000
87.675600,158.680000
87.701300,157.836000
87.727000,158.537000
87.752600,153.109000
87.778300,153.862000
87.804000,158.025000
87.829600,157.945000
87.855300,156.819000
87.881000,158.714000
87.906600,156.743000
87.932300,158.479000
87.958000,156.494000
87.983600,157.755000
88.009300,156.410000
88.035000,158.518000
88.060600,157.068000
88.086300,158.591000
88.112000,157.152000
88.137700,157.775000
88.163300,157.494000
88.189000,158.114000
88.214600,157.538000
88.240300,158.242000
88.266000,157.308000
88.291600,158.288000
88.317300,157.459000
88.343000,157.613000
88.368600,158.022000
88.394300,157.606000
88.419900,158.287000
88.445600,157.236000
88.471300,158.389000
88.496900,158.114000
88.522600,158.036000
88.548300,157.333000
88.573900,158.647000
88.599600,157.313000
88.625200,158.681000
88.650900,156.913000
88.676600,159.148000
88.702200,157.466000
88.727900,158.504000
88.753600,157.541000
88.779200,159.014000
88.804900,157.323000
88.830600,158.642000
88.856300,157.091000
88.881900,159.428000
88.907600,157.458000
88.933300,158.684000
88.959000,157.580000
88.984600,158.786000
89.010300,157.774000
89.036000,158.506000
89.061700,157.431000
89.087300,158.976000
89.113000,157.319000
89.138700,157.876000
89.164300,158.383000
89.190000,158.857000
89.215700,157.916000
89.241300,158.477000
89.267000,158.017000
89.292700,158.325000
89.318300,158.453000
89.344000,157.233000
89.369700,158.742000
89.395400,157.880000
89.421000,158.120000
89.446700,157.664000
89.472400,158.719000
89.498000,157.906000
89.523700,158.300000
89.549400,156.362000
89.575000,158.607000
89.600700,157.952000
89.626400,158.690000
89.652000,156.938000
89.677700,159.017000
89.703400,157.763000
89.729000,158.811000
89.754700,157.097000
89.780400,158.913000
89.806100,157.354000
89.831700,159.192000
89.857400,157.181000
89.883100,159.228000
89.908700,157.855000
89.934400,158.642000
89.960100,158.107000
89.985700,158.740000
90.011400,157.270000
90.037100,158.377000
90.062700,158.412000
90.088400,158.463000
90.114000,158.282000
90.139700,158.668000
90.165400,158.101000
90.191000,158.903000
90.216700,158.270000
90.242300,156.452000
90.268000,152.239000
90.293700,157.355000
90.319300,157.928000
90.345000,157.139000
90.370700,157.830000
90.396400,157.583000
90.422000,157.536000
90.447700,157.355000
90.473400,158.454000
90.499000,156.722000
90.524700,158.450000
90.550300,156.798000
90.576000,158.482000
90.601700,157.864000
90.627300,159.652000
90.653000,157.116000
90.678700,159.067000
90.704300,156.583000
90.730000,158.316000
90.755700,157.362000
90.781300,158.463000
90.807000,157.277000
90.832700,158.679000
90.858300,157.146000
90.884000,158.965000
90.909700,156.952000
90.935300,158.511000
90.961000,157.564000
90.986700,158.153000
91.012300,157.696000
91.038000,158.041000
91.063700,158.064000
91.089400,158.703000
91.115000,157.741000
91.140700,158.305000
91.166400,157.958000
91.192000,158.037000
91.217700,158.450000
91.243400,157.507000
91.269000,158.971000
91.294700,157.770000
91.320400,158.310000
91.346000,157.886000
91.371700,158.469000
91.397400,157.456000
91.423000,158.745000
91.448700,157.364000
91.474300,159.286000
91.500000,157.088000
91.525700,159.130000
91.551300,157.476000
91.577000,158.830000
91.602700,157.745000
91.628300,158.580000
91.654000,156.643000
91.679600,158.924000
91.705300,157.582000
91.731000,158.408000
91.756600,158.044000
91.782300,159.037000
91.808000,157.297000
91.833600,159.328000
91.859300,157.862000
91.885000,159.086000
91.910600,157.793000
91.936300,158.535000
91.962000,158.557000
91.987600,158.245000
92.013300,157.952000
92.039000,158.673000
92.064600,158.242000
92.090300,158.787000
92.116000,158.291000
92.141600,158.053000
92.167300,158.703000
92.193000,157.971000
92.218600,159.155000
92.244300,158.083000
92.270000,158.795000
92.295600,157.939000
92.321300,158.196000
92.347000,157.347000
92.372600,159.316000
92.398300,157.770000
92.424000,158.737000
92.449600,157.621000
92.475300,158.964000
92.501000,156.956000
92.526600,159.086000
92.552300,157.002000
92.578000,159.316000
92.603600,157.445000
92.629300,159.190000
92.655000,158.018000
92.680600,158.706000
92.706300,157.745000
92.732000,158.390000
92.757600,151.767000
92.783300,156.722000
92.809000,157.229000
92.834700,158.139000
92.860300,157.267000
92.886000,157.767000
92.911700,157.408000
92.937300,157.895000
92.963000,157.704000
92.988700,158.122000
93.014300,157.187000
93.040000,158.083000
93.065700,157.828000
93.091400,157.304000
93.117000,157.707000
93.142700,157.755000
93.168300,157.848000
93.194000,157.767000
93.219700,158.380000
93.245400,157.337000
93.271000,159.122000
93.296700,157.060000
93.322400,158.089000
93.348000,157.148000
93.373700,158.732000
93.399400,157.519000
93.425000,158.787000
93.450700,157.369000
93.476400,159.311000
93.502000,156.799000
93.527700,159.134000
93.553400,157.618000
93.579000,158.752000
93.604700,157.516000
93.630400,158.255000
93.656000,157.564000
93.681700,158.882000
93.707400,156.826000
93.733100,158.182000
93.758700,157.728000
93.784400,158.615000
93.810100,158.062000
93.835700,160.203000
93.861400,158.113000
93.887100,158.804000
93.912700,157.808000
93.938400,158.287000
93.964100,158.426000
93.989700,157.784000
94.015400,158.284000
94.041100,157.990000
94.066700,158.302000
94.092400,158.445000
94.118100,158.356000
94.143700,157.586000
94.169400,158.628000
94.195100,157.464000
94.220700,159.135000
94.246400,157.459000
94.272100,159.068000
94.297800,157.474000
94.323400,158.661000
94.349100,157.855000
94.374800,158.850000
94.400400,156.935000
94.426100,159.057000
94.451800,157.548000
94.477500,158.651000
94.503100,157.029000
94.528800,159.364000
94.554400,157.271000
94.580100,159.423000
94.605800,157.832000
94.631400,159.087000
94.657100,157.672000
94.682800,158.332000
94.708400,157.274000
94.734100,158.757000
94.759800,157.716000
94.785400,158.316000
94.811100,157.816000
94.836800,158.750000
94.862500,158.027000
94.888100,158.283000
94.913800,158.732000
94.939500,157.833000
94.965100,158.179000
94.990800,157.825000
95.016500,158.867000
95.042100,157.993000
95.067800,159.377000
95.093500,157.592000
95.119200,158.664000
95.144800,158.406000
95.170500,158.820000
95.196200,157.718000
95.221900,159.393000
95.247500,153.980000
95.273200,154.202000
95.298900,157.213000
95.324500,157.586000
95.350200,156.615000
95.375900,158.581000
95.401500,156.416000
95.427200,158.764000
95.452900,156.856000
95.478500,158.124000
95.504200,157.073000
95.529900,158.366000
95.555500,157.249000
95.581200,158.282000
95.606800,156.817000
95.632500,158.747000
95.658200,156.949000
95.683900,158.423000
95.709500,157.974000
95.735200,158.377000
95.760900,158.245000
95.786500,158.097000
95.812200,157.449000
95.837900,158.106000
95.863500,158.504000
95.889200,157.671000
95.914900,158.224000
95.940500,157.949000
95.966200,158.046000
95.991900,157.903000
96.017600,158.124000
96.043200,157.907000
96.068900,158.718000
96.094500,156.964000
96.120200,159.053000
96.145900,157.196000
96.171500,158.839000
96.197200,157.478000
96.222900,159.010000
96.248500,157.869000
96.274200,158.814000
96.299900,157.362000
96.325500,159.004000
96.351200,156.793000
96.376900,159.145000
96.402600,157.090000
96.428200,158.273000
96.453900,157.124000
96.479600,159.240000
96.505200,157.243000
96.530900,158.980000
96.556600,158.088000
96.582300,158.540000
96.607900,157.985000
96.633600,158.770000
96.659300,157.674000
96.685000,158.526000
96.710600,157.468000
96.736300,158.511000
96.762000,157.916000
96.787600,158.026000
96.813300,158.624000
96.839000,157.930000
96.864700,158.538000
96.890300,157.927000
96.916000,158.452000
96.941700,158.664000
96.967400,158.903000
96.993000,157.678000
97.018700,158.878000
97.044400,157.464000
97.070000,158.658000
97.095700,157.571000
97.121300,159.149000
97.147000,157.487000
97.172700,159.367000
97.198300,156.983000
97.224000,159.320000
97.249700,157.369000
97.275300,158.916000
97.301000,157.737000
97.326700,158.935000
97.352300,157.066000
97.378000,158.953000
97.403700,157.953000
97.429300,159.145000
97.455000,157.891000
97.480700,159.041000
97.506300,157.595000
97.532000,159.222000
97.557700,157.715000
97.583400,158.813000
97.609000,157.852000
97.634700,158.501000
97.660400,158.638000
97.686000,158.383000
97.711700,158.284000
97.737400,156.809000
97.763000,151.802000
97.788700,158.042000
97.814400,157.484000
97.840100,156.724000
97.865700,157.564000
97.891400,157.556000
97.917100,157.791000
97.942700,157.413000
97.968400,158.356000
97.994000,156.831000
98.019700,158.692000
98.045400,156.791000
98.071000,158.415000
98.096700,157.217000
98.122400,158.413000
98.148000,157.235000
98.173700,158.584000
98.199400,156.946000
98.225100,159.109000
98.250700,156.682000
98.276400,159.230000
98.302100,157.295000
98.327700,158.729000
98.353400,157.536000
98.379100,158.523000
98.404800,157.478000
98.430400,158.936000
98.456100,157.435000
98.481800,159.004000
98.507500,157.560000
98.533100,158.937000
98.558800,157.923000
98.584500,158.194000
98.610200,158.478000
98.635800,158.158000
98.661500,158.107000
98.687200,158.041000
98.712900,157.813000
98.738500,158.283000
98.764200,158.129000
98.789900,158.008000
98.815600,159.169000
98.841200,157.572000
98.866900,158.907000
98.892600,157.557000
98.918200,158.817000
98.943900,158.198000
98.969600,158.729000
98.995200,157.387000
99.020900,159.412000
99.046600,157.579000
99.072200,159.422000
99.097900,156.998000
99.123600,159.458000
99.149200,157.625000
99.174900,158.944000
99.200600,157.907000
99.226300,159.125000
99.251900,157.485000
99.277600,159.157000
99.303200,157.017000
99.328900,159.037000
99.354600,157.399000
99.380200,158.504000
99.405900,157.691000
99.431600,159.191000
99.457200,157.596000
99.482900,158.799000
99.508600,158.085000
99.534200,158.435000
99.559900,158.625000
99.585500,157.835000
99.611200,158.089000
99.636900,158.739000
99.662500,158.341000
99.688200,158.066000
99.713900,158.373000
99.739500,158.221000
99.765200,158.897000
99.790900,157.156000
99.816600,158.308000
99.842200,157.949000
99.867900,159.083000
99.893600,157.409000
99.919200,159.784000
99.944900,157.269000
99.970600,159.134000
99.996300,157.856000
100.021900,159.455000
100.047600,157.986000
100.073300,159.281000
100.098900,157.575000
100.124600,159.690000
100.150300,157.066000
100.176000,158.722000
100.201600,157.688000
100.227300,158.994000
100.253000,151.820000
100.278700,156.486000
100.304300,157.275000
100.330000,158.142000
100.355700,156.928000
100.381400,157.747000
100.407000,157.214000
100.432700,157.887000
100.458400,157.254000
100.484100,157.863000
100.509700,157.135000
100.535400,158.628000
100.561100,157.860000
100.586700,157.544000
100.612400,158.560000
100.638100,157.730000
100.663800,158.397000
100.689400,157.516000
100.715100,157.940000
100.740800,157.673000
100.766500,157.782000
100.792100,157.505000
100.817800,159.329000
100.843500,157.238000
100.869200,158.896000
100.894800,156.978000
100.920500,159.360000
100.946200,157.673000
100.971900,158.483000
100.997500,157.440000
101.023200,158.930000
101.048900,157.135000
101.074500,159.091000
101.100200,156.817000
101.125900,159.151000
101.151600,156.863000
101.177200,158.670000
101.202900,157.771000
101.228600,158.551000
101.254300,157.487000
101.279900,158.459000
101.305600,157.276000
101.305700,158.964000
101.356900,157.539000
101.382600,157.694000
101.408300,157.179000
101.434000,158.539000
101.459600,158.619000
101.485300,157.580000
101.511000,158.402000
101.536600,158.697000
101.562300,158.236000
101.588000,157.799000
